date,Battery (Charging) -  MW,Pumps -  MW,Coal (Brown) -  MW,Coal (Black) -  MW,Bioenergy (Biomass) -  MW,Distillate -  MW,Gas (Steam) -  MW,Gas (CCGT) -  MW,Gas (OCGT) -  MW,Gas (Reciprocating) -  MW,Gas (Waste Coal Mine) -  MW,Battery (Discharging) -  MW,Hydro -  MW,Wind -  MW,Solar (Utility) -  MW,Solar (Rooftop) -  MW,Coal (Brown) Emissions Vol - tCO₂e,Coal (Black) Emissions Vol - tCO₂e,Bioenergy (Biomass) Emissions Vol - tCO₂e,Distillate Emissions Vol - tCO₂e,Gas (Steam) Emissions Vol - tCO₂e,Gas (CCGT) Emissions Vol - tCO₂e,Gas (OCGT) Emissions Vol - tCO₂e,Gas (Reciprocating) Emissions Vol - tCO₂e,Gas (Waste Coal Mine) Emissions Vol - tCO₂e,Emissions Intensity - kgCO₂e/MWh,Price - AUD/MWh
2025-06-18 18:30,-1.45,0.00,3407.22,12968.87,37.71,0.00,899.31,2193.47,5234.54,170.77,26.70,1605.93,4292.76,1531.90,0.88,0.00,662.23,1935.88,0.26,0.00,83.57,156.41,578.60,16.78,2.64,636.98,448.91
2025-06-18 19:00,-2.59,0.00,3404.35,13011.96,37.44,0.00,898.31,2184.43,5284.48,174.43,25.89,1332.50,4267.11,1581.50,0.93,0.00,1984.96,5831.44,0.79,0.00,250.42,467.58,1752.47,51.43,7.69,642.64,900.00
2025-06-18 19:30,-53.97,0.00,3688.35,13076.46,36.74,0.00,897.83,2199.03,5151.00,174.68,25.82,829.22,4309.63,1628.11,0.96,0.00,2144.37,5862.06,0.79,0.00,250.28,470.34,1711.12,51.50,7.67,656.88,496.69
2025-06-18 20:00,-46.32,0.00,3723.25,13310.10,37.11,0.00,895.00,2223.83,4674.76,174.05,24.71,411.46,4370.32,1656.04,0.90,0.00,2163.76,5971.70,0.79,0.00,249.48,474.81,1552.33,51.32,7.35,665.81,550.69
2025-06-18 20:30,-36.03,0.00,3731.36,13134.07,29.80,-0.05,896.65,2315.12,4389.77,174.64,25.38,335.51,4189.09,1731.86,0.91,0.00,2168.45,5894.33,0.74,0.00,249.94,491.88,1459.82,51.49,7.54,667.84,549.69
2025-06-18 21:00,-42.84,0.00,3725.44,13105.61,28.44,-0.12,896.75,2273.75,3994.40,174.17,26.11,130.44,4034.91,1870.88,0.88,0.00,2165.04,5880.97,0.73,0.00,249.97,483.61,1329.90,51.35,7.75,673.05,389.82
2025-06-18 21:30,-35.46,0.00,3715.98,13247.51,26.65,-0.12,894.63,2226.75,3519.75,173.50,26.41,55.89,3471.95,2091.22,0.88,0.00,2159.57,5945.87,0.74,0.00,249.37,474.24,1168.20,51.16,7.83,683.79,288.16
2025-06-18 22:00,-69.22,0.00,3718.70,13317.02,24.83,0.00,896.67,2180.34,2865.83,174.60,26.23,27.90,2563.01,2481.48,0.88,0.00,2161.13,5976.96,0.71,0.00,249.95,461.62,934.17,51.48,7.78,697.94,190.55
2025-06-18 22:30,-125.47,0.00,3726.44,13179.50,12.06,0.00,897.94,2080.39,1931.74,174.63,26.12,30.83,2596.32,2665.35,0.88,0.00,2165.57,5917.08,0.56,0.00,250.32,425.51,593.68,51.49,7.75,692.14,178.03
2025-06-18 23:00,-309.53,0.00,3740.38,13159.51,2.04,0.00,822.98,1891.51,1562.76,146.41,26.04,5.82,2105.53,2877.55,0.88,0.00,2173.68,5906.87,0.43,0.00,229.04,386.81,481.55,43.17,7.73,709.08,154.55
2025-06-18 23:30,-295.74,0.00,3734.84,13106.01,0.02,0.00,771.13,1532.40,1033.43,146.50,26.18,7.24,2158.04,3024.23,1.13,0.00,2170.40,5882.37,0.40,0.00,214.61,313.37,317.38,43.20,7.77,709.00,168.22
2025-06-19 00:00,-500.02,0.00,3733.26,13088.62,0.78,-0.08,627.31,1292.70,750.16,109.89,26.43,6.29,1957.54,3369.02,1.13,0.00,2169.54,5873.55,0.40,0.00,173.32,262.55,230.58,32.40,7.84,715.38,131.46
2025-06-19 00:30,-418.54,0.00,3737.64,12968.65,-1.11,-0.05,427.75,1104.46,639.18,143.23,25.92,3.25,1703.12,3590.24,0.92,0.00,2172.07,5816.28,0.39,0.00,118.28,221.73,194.24,42.23,7.69,716.66,120.01
2025-06-19 01:00,-593.07,0.00,3742.01,12891.96,-2.16,-0.02,240.54,1007.45,334.76,174.69,25.80,1.70,1762.67,3801.47,0.81,0.00,2174.59,5780.22,0.40,0.00,67.29,201.67,94.16,51.51,7.66,716.37,120.01
2025-06-19 01:30,-858.00,0.00,3733.58,12785.84,-2.16,0.00,214.69,819.92,321.59,174.02,25.77,2.40,1623.16,3979.88,0.81,0.00,2169.71,5732.22,0.39,0.00,60.16,166.84,89.81,51.31,7.65,725.46,116.49
2025-06-19 02:00,-846.98,0.00,3728.57,12647.43,0.95,0.00,212.38,600.98,312.09,148.28,26.57,2.03,1547.09,3993.63,0.81,0.00,2166.80,5670.50,0.39,0.00,59.50,126.10,87.20,43.72,7.90,729.61,119.27
2025-06-19 02:30,-752.51,0.00,3727.27,12564.36,0.58,0.00,217.73,548.05,91.59,0.00,27.17,1.28,1381.57,4102.45,0.81,0.00,2166.04,5634.35,0.39,0.00,61.03,115.45,26.35,0.00,8.09,731.32,122.75
2025-06-19 03:00,-950.36,0.00,3733.09,12494.78,1.08,-0.05,220.04,578.18,42.97,0.00,27.18,1.94,1294.28,4137.05,0.81,0.00,2169.41,5602.68,0.39,0.00,61.70,121.53,12.95,0.00,8.09,739.24,96.01
2025-06-19 03:30,-819.58,0.00,3733.11,12360.10,1.81,-0.02,220.46,534.15,42.94,0.00,26.94,1.82,1304.10,4133.99,0.81,0.00,2169.38,5543.39,0.40,0.00,61.82,112.67,12.94,0.00,8.02,734.30,124.46
2025-06-19 04:00,-431.96,0.00,3725.64,12086.72,2.40,0.00,211.06,515.00,42.82,0.00,26.45,1.46,1128.40,4201.58,0.81,0.00,2165.13,5422.09,0.40,0.00,59.12,108.82,12.90,0.00,7.88,723.03,115.06
2025-06-19 04:30,-520.43,0.00,3730.48,12109.90,2.56,-0.02,181.85,496.23,42.86,0.00,26.96,1.21,1330.41,4467.71,0.81,0.00,2167.92,5434.08,0.39,0.00,50.71,105.07,12.91,0.00,8.02,711.38,120.01
2025-06-19 05:00,-382.09,0.00,3724.82,12229.35,1.91,0.00,193.17,545.99,42.76,0.00,27.06,24.97,1299.57,4656.79,0.81,0.00,2164.63,5487.19,0.38,0.00,53.87,116.01,12.88,0.00,8.05,701.36,110.10
2025-06-19 05:30,-220.91,0.00,3737.91,12556.07,2.30,-0.05,324.63,637.19,42.49,12.21,26.76,25.52,1430.15,4767.99,0.81,0.00,2172.16,5634.83,0.39,0.00,90.14,135.77,12.80,3.60,7.97,690.37,108.54
2025-06-19 06:00,-19.87,0.00,3729.15,12854.76,-0.40,-0.12,436.31,759.07,154.75,79.38,27.19,70.97,1875.36,4598.32,0.81,0.00,2167.11,5771.64,0.37,0.00,120.47,161.16,46.73,23.41,8.09,675.66,120.01
2025-06-19 06:30,-6.54,0.00,3723.49,13097.01,-5.95,-0.02,589.81,855.76,618.48,98.17,27.19,452.64,2586.27,4589.07,0.67,2.71,2163.86,5879.54,0.33,0.00,162.13,180.86,191.49,28.95,8.09,647.06,156.20
2025-06-19 07:00,-21.37,0.00,3725.11,13140.49,-6.15,0.00,626.69,869.66,1484.44,129.12,26.87,889.62,3296.15,4505.35,23.71,55.37,2164.82,5899.41,0.36,0.00,172.20,186.88,476.92,38.07,8.00,622.48,106.89
2025-06-19 07:30,-15.52,0.00,3716.23,13002.17,-5.71,-0.07,652.10,929.56,1759.39,141.70,26.31,1352.58,3682.69,4408.94,469.11,379.08,2159.67,5840.55,0.39,0.00,179.54,214.30,564.40,41.78,7.83,590.75,261.64
2025-06-19 08:00,-11.84,0.00,3726.73,12558.47,-4.07,-0.02,632.79,811.68,1919.70,99.11,26.13,1265.64,3339.14,4268.30,1549.52,1107.81,2165.82,5632.70,0.40,0.00,173.96,188.83,610.04,29.22,7.79,563.06,261.84
2025-06-19 08:30,-97.69,0.00,3725.51,11900.78,-6.89,0.00,648.85,555.01,1721.60,128.63,18.39,830.01,3055.91,4187.05,2734.80,2200.14,2165.05,5337.05,0.34,0.00,178.59,129.85,548.54,37.93,5.62,531.80,298.19
2025-06-19 09:00,-38.90,-122.75,3732.09,11380.45,-9.88,-0.03,691.94,381.95,1347.94,55.23,10.60,262.11,2617.14,4090.38,3753.11,3445.21,2168.87,5098.78,0.28,0.00,191.01,77.70,421.04,16.28,3.44,504.95,175.06
2025-06-19 09:30,-83.71,-245.55,3736.63,10902.16,-9.06,0.00,740.69,372.37,886.99,0.00,10.82,74.79,2140.50,3956.19,4439.89,4605.54,2171.48,4884.51,0.27,0.00,205.02,75.77,266.99,0.00,3.51,482.59,160.21
2025-06-19 10:00,-341.80,-262.55,3741.39,10276.18,-4.40,-0.03,799.13,368.27,403.74,0.00,10.58,60.25,1994.36,3719.01,4783.82,5664.46,2174.21,4608.03,0.30,0.00,221.87,74.95,122.33,0.00,3.43,461.68,157.68
2025-06-19 10:30,-465.65,-439.61,3727.80,9908.49,-7.35,-0.02,714.71,373.22,128.96,0.00,10.65,200.45,1620.06,3364.46,4977.60,6885.49,2166.42,4444.25,0.25,0.00,198.25,75.94,40.47,0.00,3.46,447.04,241.96
2025-06-19 11:00,-714.10,-440.11,3711.82,9365.07,-8.56,-0.03,562.71,367.67,40.58,0.00,10.73,114.62,1522.15,3189.57,5054.73,7868.60,2157.12,4197.55,0.23,0.00,156.19,74.83,12.22,0.00,3.49,430.84,193.13
2025-06-19 11:30,-1070.48,-455.97,3731.70,8877.07,-8.11,-0.08,485.13,280.20,40.31,0.00,10.54,47.05,1466.06,3133.00,5219.68,8538.58,2168.64,3977.36,0.24,0.00,134.75,57.25,12.14,0.00,3.43,419.47,161.12
2025-06-19 12:00,-912.58,-654.49,3726.10,8656.77,-5.86,-0.10,288.75,266.17,40.00,0.00,11.82,26.44,1280.82,2979.77,5263.34,8863.80,2165.36,3880.64,0.28,0.00,81.02,54.43,12.05,0.00,3.77,415.52,161.78
2025-06-19 12:30,-841.89,-831.71,3733.27,8573.63,-1.35,0.00,208.98,228.43,40.16,0.00,15.03,22.46,1158.19,2896.64,5202.11,8950.32,2169.61,3842.84,0.36,0.00,58.50,46.85,12.10,0.00,4.66,417.99,142.45
2025-06-19 13:00,-894.85,-860.12,3730.94,8520.23,3.28,-0.02,184.65,241.66,40.78,0.00,25.09,21.15,1065.88,2835.90,5089.30,8746.09,2168.16,3817.67,0.43,0.00,51.49,49.51,12.29,0.00,7.55,424.84,142.46
2025-06-19 13:30,-713.55,-912.05,3736.29,8540.31,1.49,-0.02,207.85,265.14,41.54,0.00,26.72,2.05,1248.05,2733.28,5121.67,8206.66,2171.24,3825.17,0.41,0.00,58.16,54.27,12.51,0.00,8.01,430.08,142.46
2025-06-19 14:00,-541.57,-910.74,3741.03,8801.93,3.61,0.00,260.46,360.55,41.14,0.00,24.66,40.51,1442.17,2478.55,5114.23,7335.71,2174.04,3945.57,0.38,0.00,73.20,74.08,12.39,0.00,7.41,446.02,139.69
2025-06-19 14:30,-341.12,-1072.28,3736.99,9341.33,5.31,-0.07,471.88,549.89,81.03,0.00,24.07,95.36,1558.50,2299.94,4897.54,6233.53,2171.66,4190.41,0.38,0.00,131.54,114.67,31.07,0.00,7.18,476.79,191.18
2025-06-19 15:00,-325.67,-946.34,3716.70,9743.47,4.38,0.00,570.06,715.55,72.50,0.00,25.67,143.02,1401.51,2282.94,4931.43,5254.71,2159.97,4368.93,0.37,0.00,157.66,147.80,23.72,0.00,7.68,497.73,116.90
2025-06-19 15:30,-182.22,-375.93,3752.09,10118.18,8.19,-0.03,662.17,1005.44,78.43,0.00,26.14,32.48,1516.25,2158.37,4678.44,4141.27,2181.95,4535.29,0.38,0.00,183.02,205.68,25.69,0.00,7.82,517.02,140.34
2025-06-19 16:00,-140.50,0.00,3781.61,11381.52,7.52,0.00,835.79,1273.87,213.98,29.11,27.13,44.85,2132.13,2016.45,3567.20,2745.73,2201.24,5094.07,0.41,0.00,232.42,262.39,68.54,8.58,8.10,564.24,153.44
2025-06-19 16:30,-111.69,0.00,3809.17,12779.63,4.20,-0.02,897.79,1601.77,848.81,191.61,27.95,163.10,2948.69,1912.42,1947.93,1475.87,2218.84,5727.25,0.41,0.00,250.27,335.15,262.80,56.50,8.33,621.78,236.46
2025-06-19 17:00,-3.66,0.00,3803.40,13335.53,-0.59,0.00,896.98,1982.92,2349.90,192.73,25.54,575.05,3336.36,1939.10,512.35,530.50,2215.61,5981.36,0.40,0.00,250.04,423.88,735.21,56.83,7.56,656.18,282.82
2025-06-19 17:30,-2.27,0.00,3862.28,13397.44,0.29,0.00,893.67,2034.31,3244.66,191.63,24.79,1050.46,3805.03,2161.87,45.32,119.41,2254.47,6010.19,0.42,0.00,249.10,434.80,1020.74,56.50,7.33,650.92,282.82
2025-06-19 18:00,-2.37,0.00,3914.93,13318.90,-1.46,-0.02,890.08,1923.93,3680.32,191.31,24.91,1352.50,4057.07,2563.51,1.69,13.99,2289.23,5972.85,0.40,0.00,248.08,412.76,1160.11,56.41,7.37,635.60,283.57
2025-06-19 18:30,-2.60,0.00,3931.51,13314.61,-0.71,0.00,892.98,1920.47,3980.49,190.94,24.96,1010.70,3867.11,3076.46,0.61,0.53,2299.99,5970.48,0.42,0.00,248.92,412.08,1240.68,56.30,7.39,635.63,205.80
2025-06-19 19:00,-17.56,0.00,3935.61,13310.67,-1.23,0.00,894.19,2013.26,3971.94,191.05,26.38,598.15,3620.34,3618.59,0.53,0.00,2302.40,5968.80,0.41,0.00,249.25,430.76,1240.32,56.33,7.83,637.78,191.63
2025-06-19 19:30,-20.62,0.00,3974.96,13302.53,-1.02,0.00,895.58,2025.92,3785.39,191.37,26.58,384.34,3163.96,4053.12,0.49,0.00,2327.26,5965.15,0.41,0.00,249.64,430.23,1169.01,56.42,7.90,642.24,161.06
2025-06-19 20:00,-46.53,0.00,4011.45,13305.62,-0.77,-0.02,896.73,1925.21,3682.23,191.98,28.33,250.25,2836.87,4279.55,0.42,0.00,2350.92,5966.24,0.41,0.00,249.97,394.13,1133.03,56.61,8.46,647.92,159.88
2025-06-19 20:30,-31.53,0.00,4032.53,13285.19,-3.19,0.04,897.38,1897.38,3626.04,192.40,28.73,163.11,2453.99,4314.34,0.46,0.00,2364.31,5957.45,0.39,0.03,250.14,388.55,1113.40,56.73,8.59,657.20,153.03
2025-06-19 21:00,-168.73,0.00,4060.67,13034.89,-4.25,0.00,895.73,1887.07,3324.28,191.62,28.03,101.87,2315.90,4465.97,0.54,0.00,2383.25,5845.48,0.37,0.00,249.69,386.49,1020.04,56.50,8.35,660.40,157.16
2025-06-19 21:30,-79.74,0.00,4076.60,12750.85,-0.05,-0.12,890.63,1869.69,2143.88,184.14,27.72,140.65,2573.08,4568.33,0.54,0.00,2393.06,5717.64,0.40,0.00,248.21,383.06,657.67,54.29,8.26,649.32,159.66
2025-06-19 22:00,-62.25,0.00,4072.54,12686.61,5.93,-0.05,836.44,1706.93,1252.53,185.03,27.26,95.53,2344.35,4772.10,0.54,0.00,2391.15,5689.78,0.44,0.00,232.60,350.38,391.14,54.56,8.13,653.08,132.96
2025-06-19 22:30,-45.93,0.00,4097.01,12477.12,14.98,-0.02,841.08,1513.28,804.59,166.03,27.76,149.47,2025.53,4953.16,0.39,0.00,2406.30,5599.35,0.45,0.00,233.94,310.74,244.27,48.95,8.27,655.13,142.77
2025-06-19 23:00,-96.29,0.00,4100.47,12467.85,14.79,-0.02,676.02,1338.41,493.50,185.65,27.70,17.41,1809.03,4881.29,0.32,0.00,2408.39,5595.00,0.45,0.00,186.46,274.13,151.32,54.74,8.25,669.76,123.27
2025-06-19 23:30,-148.37,0.00,4097.46,12502.60,13.75,-0.05,570.94,1111.00,176.59,144.13,26.13,15.15,1540.74,5082.60,0.27,0.00,2406.53,5610.77,0.43,0.00,157.08,224.89,57.37,42.50,7.81,676.99,120.01
2025-06-20 00:00,-140.54,0.00,4089.93,12367.79,15.55,-0.02,424.98,885.81,98.72,101.51,25.54,15.82,1193.99,5301.72,0.33,0.00,2402.51,5546.10,0.46,0.00,117.42,181.77,31.63,29.93,7.64,682.29,109.43
2025-06-20 00:30,-227.40,0.00,4091.34,12301.30,12.95,-0.13,256.58,774.61,63.20,94.07,25.50,11.57,1162.21,5217.61,0.33,0.00,2403.41,5513.13,0.43,0.00,71.66,158.92,18.55,27.74,7.63,689.67,108.90
2025-06-20 01:00,-289.49,0.00,4108.07,12246.75,13.81,-0.12,222.69,706.26,63.85,89.60,27.82,2.73,1067.95,5073.65,0.33,0.00,2412.79,5488.04,0.43,0.00,62.46,144.45,18.73,26.42,8.32,699.55,98.37
2025-06-20 01:30,-431.99,0.00,4097.61,12056.72,19.78,-0.08,224.10,706.17,63.85,76.33,28.36,4.63,954.84,4980.97,0.37,0.00,2405.80,5400.05,0.51,0.00,62.86,144.44,18.73,22.50,8.49,707.88,109.88
2025-06-20 02:00,-599.20,-68.23,4076.77,11999.16,20.60,-0.07,240.33,746.30,63.41,1.82,28.38,10.14,981.90,4730.72,0.45,0.00,2392.14,5376.37,0.53,0.00,67.54,152.55,18.61,0.54,8.49,721.18,114.95
2025-06-20 02:30,-639.93,-80.66,4090.93,11950.67,23.22,0.00,236.10,758.87,63.53,0.00,27.63,3.16,897.01,4555.44,0.44,0.00,2402.35,5353.99,0.59,0.00,66.33,155.07,18.64,0.00,8.28,731.53,112.51
2025-06-20 03:00,-734.83,-80.63,4105.08,11885.47,23.69,-0.05,227.58,744.79,64.09,0.00,28.24,2.39,913.64,4449.84,0.39,0.00,2411.12,5323.42,0.59,0.00,63.88,152.23,18.81,0.00,8.45,737.74,112.83
2025-06-20 03:30,-523.47,-80.83,4096.62,11781.37,21.92,-0.03,218.48,704.65,64.14,0.00,28.37,4.73,829.54,4345.47,0.47,0.00,2406.22,5274.67,0.59,0.00,61.25,144.12,18.82,0.00,8.49,736.50,90.70
2025-06-20 04:00,-365.93,-80.69,4100.54,11876.65,24.58,-0.02,218.48,722.87,63.67,0.00,28.95,19.45,798.80,4208.18,0.45,0.00,2408.51,5317.47,0.63,0.00,61.24,147.76,18.69,0.00,8.67,736.77,96.95
2025-06-20 04:30,-325.70,-67.30,4088.54,12201.04,26.30,-0.02,214.42,702.29,63.65,0.00,27.88,9.67,920.64,4119.40,0.37,0.00,2401.52,5470.93,0.66,0.00,60.09,143.39,18.67,0.00,8.39,737.33,106.32
2025-06-20 05:00,-404.90,0.00,4105.95,12341.37,26.16,0.00,219.35,708.80,63.41,0.00,28.65,37.12,1117.22,4048.06,0.44,0.00,2411.57,5534.65,0.65,0.00,61.51,145.37,18.61,0.00,8.60,733.99,95.63
2025-06-20 05:30,-87.80,0.00,4097.42,12617.86,27.32,-0.03,214.92,860.30,89.58,13.97,29.12,59.38,1398.83,3975.82,0.41,0.00,2406.55,5658.65,0.69,0.00,60.24,177.18,25.78,4.12,8.73,716.14,120.01
2025-06-20 06:00,-41.32,0.00,4100.71,12987.71,27.81,-0.12,222.44,1075.08,155.72,101.81,28.12,264.80,1668.51,3854.61,0.45,0.00,2408.70,5826.79,0.71,0.00,62.31,219.48,44.38,30.02,8.44,703.65,120.56
2025-06-20 06:30,-23.13,0.00,4109.94,13236.14,27.05,-0.03,369.04,1327.82,684.63,168.44,28.17,444.76,2288.24,3776.23,0.55,2.03,2414.19,5934.81,0.72,0.00,103.01,269.31,199.00,49.67,8.48,679.21,141.04
2025-06-20 07:00,-11.58,0.00,4100.94,13258.12,21.87,-0.05,565.67,1360.25,993.36,174.47,27.43,1080.41,3152.81,3648.61,21.62,40.63,2408.98,5943.96,0.74,0.00,157.97,279.17,290.98,51.44,8.24,642.98,180.58
2025-06-20 07:30,-35.28,0.00,4112.83,13327.09,22.95,-0.02,783.42,1424.60,912.13,190.29,28.09,1066.87,4179.82,3542.03,498.27,276.72,2415.95,5979.96,0.80,0.00,219.12,307.57,268.10,56.11,8.44,610.36,204.53
2025-06-20 08:00,-27.35,0.00,4100.69,13118.03,24.25,0.00,783.50,1348.64,995.56,191.51,29.19,981.87,4047.73,3345.11,1699.56,839.39,2408.80,5884.34,0.82,0.00,219.04,291.39,291.65,56.47,8.76,582.08,156.98
2025-06-20 08:30,-44.18,0.00,4099.06,12782.53,23.30,-0.05,686.21,950.90,986.54,191.66,29.09,921.83,2977.39,3114.48,3282.88,1795.25,2407.92,5733.86,0.81,0.00,191.03,195.87,289.10,56.51,8.71,558.78,215.35
2025-06-20 09:00,-56.73,0.00,4099.94,12358.60,21.91,-0.02,564.90,484.70,788.83,143.79,27.79,206.33,2189.28,2770.95,4800.12,3055.12,2408.48,5532.19,0.80,0.00,157.06,99.40,232.45,42.40,8.35,539.25,141.66
2025-06-20 09:30,-66.30,-246.97,4098.63,11784.26,25.73,0.00,372.88,419.19,476.53,174.73,27.83,24.05,1743.62,2354.38,5592.47,4381.93,2407.68,5265.64,0.84,0.00,104.01,85.42,137.48,51.52,8.37,517.34,140.71
2025-06-20 10:00,-115.47,-313.27,4101.77,10920.70,25.73,-0.08,168.67,418.04,332.48,79.55,27.23,33.12,1250.51,2017.53,5954.55,5687.46,2409.53,4884.20,0.83,0.00,47.50,85.18,92.50,23.45,8.18,493.74,141.75
2025-06-20 10:30,-85.77,-571.90,4100.58,10478.43,27.68,-0.02,100.83,252.38,252.53,3.35,27.82,25.28,1030.77,1812.33,5922.83,6909.81,2408.76,4690.25,0.86,0.00,29.03,51.73,70.78,0.99,8.37,479.47,90.00
2025-06-20 11:00,-327.77,-572.06,4055.95,9754.93,24.03,0.00,99.67,209.76,193.04,0.00,27.74,14.50,852.55,1630.11,5807.05,7708.08,2383.10,4370.66,0.80,0.00,28.69,43.07,54.35,0.00,8.34,467.41,87.48
2025-06-20 11:30,-377.44,-571.33,4088.31,9359.38,25.87,0.00,103.83,209.88,187.82,0.00,27.56,26.58,859.74,1539.49,5663.90,8326.68,2401.66,4192.18,0.86,0.00,29.89,43.09,52.91,0.00,8.29,456.66,76.65
2025-06-20 12:00,-605.12,-570.54,4065.03,9083.47,24.31,-0.02,100.33,210.02,179.02,0.00,29.01,25.81,837.03,1469.65,5743.69,8696.54,2388.04,4061.05,0.79,0.00,28.89,43.12,50.57,0.00,8.74,449.41,71.21
2025-06-20 12:30,-1143.19,-585.12,4067.24,8989.26,25.70,0.00,98.83,209.27,175.24,0.00,28.74,0.73,826.41,1343.50,5811.21,8770.53,2389.50,4017.11,0.81,0.00,28.45,42.96,49.44,0.00,8.67,456.84,92.68
2025-06-20 13:00,-1211.81,-760.78,4082.20,8877.64,24.90,0.00,103.67,208.60,62.86,0.00,27.93,0.80,821.24,1352.55,5852.34,8640.07,2398.10,3966.59,0.83,0.00,29.85,42.83,18.45,0.00,8.40,460.44,61.64
2025-06-20 13:30,-1043.03,-875.37,4065.60,8822.27,25.87,0.00,104.17,208.05,61.66,0.00,30.22,12.61,831.51,1265.26,5935.53,8081.98,2388.82,3943.54,0.84,0.00,29.99,42.72,18.08,0.00,9.14,467.42,19.19
2025-06-20 14:00,-606.30,-1069.60,4089.09,9107.43,24.99,0.00,103.83,223.02,58.32,0.00,29.96,3.14,841.07,1149.50,5915.92,7275.59,2402.11,4075.19,0.83,0.00,29.89,45.98,17.06,0.00,9.05,484.80,46.30
2025-06-20 14:30,-507.88,-1154.04,4079.97,9533.22,24.44,0.00,102.50,272.55,58.15,0.00,31.37,7.29,849.76,1076.99,6024.12,6321.66,2396.87,4266.49,0.80,0.00,29.51,57.03,17.02,0.00,9.49,507.27,51.89
2025-06-20 15:00,-340.80,-991.88,4074.29,10244.36,24.09,0.00,108.08,380.70,67.66,0.00,32.65,43.97,789.08,1061.41,5744.44,5255.39,2393.75,4582.49,0.79,0.00,31.01,79.14,19.65,0.00,9.91,537.25,74.91
2025-06-20 15:30,-475.73,-715.75,4104.28,11045.60,27.67,0.00,195.08,712.97,158.98,0.00,32.89,54.98,851.94,1053.77,5309.42,4045.66,2410.97,4942.17,0.88,0.00,54.63,145.45,44.89,0.00,9.99,576.40,126.77
2025-06-20 16:00,-389.49,-157.40,4114.60,12196.26,28.57,0.00,285.65,1020.40,341.42,14.18,30.75,70.55,1314.25,1000.18,4099.59,2752.33,2417.02,5458.06,0.89,0.00,79.35,206.91,97.86,4.18,9.31,619.24,154.46
2025-06-20 16:30,-59.11,0.00,4109.57,13323.94,29.03,0.00,398.75,1248.00,918.05,134.83,30.98,309.14,2295.64,1043.81,2229.90,1485.04,2414.08,5971.55,0.90,0.00,110.43,254.97,268.27,39.75,9.38,659.65,146.12
2025-06-20 17:00,-2.54,0.00,4094.72,13702.41,28.37,0.00,652.00,1567.41,2361.03,191.09,30.59,822.52,2754.03,1154.36,594.52,549.85,2405.52,6152.17,0.91,0.00,181.99,332.46,752.56,56.34,9.25,694.11,186.43
2025-06-20 17:30,-2.57,0.00,4102.39,13759.86,27.59,0.00,810.94,1786.27,3021.24,191.73,32.32,1297.47,3186.24,1380.42,59.26,124.11,2409.99,6178.17,0.89,0.00,226.67,381.30,982.95,56.53,9.85,688.20,277.29
2025-06-20 18:00,-1.45,0.00,4085.90,13778.10,28.04,0.00,863.63,1833.33,3122.48,190.87,40.99,1579.02,3569.94,1572.06,1.88,13.62,2400.35,6186.50,0.89,0.00,240.94,391.41,1016.96,56.28,12.59,671.87,243.16
2025-06-20 18:30,-2.26,0.00,4096.13,13812.72,25.85,0.00,892.88,1871.81,3284.16,190.90,44.26,1131.31,3673.68,1800.65,0.52,0.42,2406.31,6201.86,0.85,0.00,248.89,399.42,1078.83,56.29,13.57,675.21,290.06
2025-06-20 19:00,-7.04,0.00,4091.15,13814.91,27.56,-0.03,893.77,1839.22,3325.31,191.35,44.72,671.99,3671.30,2130.92,0.58,0.00,2403.39,6203.00,0.87,0.00,249.13,393.03,1093.32,56.42,13.71,678.46,276.08
2025-06-20 19:30,-23.14,0.00,4102.01,13837.76,24.12,0.00,895.42,1850.13,3217.63,192.26,39.96,331.07,3561.67,2298.49,0.45,0.00,2409.71,6213.07,0.81,0.00,249.59,395.44,1051.78,56.69,12.18,685.13,206.05
2025-06-20 20:00,-61.54,0.00,4099.10,13827.30,24.50,0.00,894.33,1848.23,3198.92,192.35,37.86,124.66,3352.62,2409.94,0.29,0.00,2407.97,6208.70,0.82,0.00,249.29,395.08,1044.82,56.72,11.54,692.85,203.55
2025-06-20 20:30,-34.07,0.00,4106.41,13796.65,29.59,0.00,889.17,1811.63,3135.88,174.90,43.08,163.97,2836.41,2595.94,0.30,0.00,2412.15,6194.38,0.91,0.00,247.81,384.60,1021.21,51.57,13.23,698.88,198.44
2025-06-20 21:00,-30.28,0.00,4114.64,13848.24,30.07,0.00,890.83,1734.88,2619.60,192.76,42.32,133.19,2824.62,2687.70,0.23,0.00,2416.98,6217.85,0.91,0.00,248.32,353.25,822.74,56.84,12.99,696.48,192.87
2025-06-20 21:30,-33.50,0.00,4110.60,13853.60,29.71,0.00,843.48,1697.14,2114.68,191.84,44.61,63.24,2788.21,2795.95,0.35,0.00,2414.69,6220.59,0.91,0.00,234.72,345.63,676.23,56.57,13.68,699.16,221.54
2025-06-20 22:00,-37.90,0.00,4104.21,13831.86,29.61,0.00,774.48,1628.14,1321.38,192.49,44.26,76.06,2723.16,2769.50,0.49,0.00,2411.01,6210.57,0.90,0.00,214.79,330.23,424.93,56.76,13.56,703.83,165.37
2025-06-20 22:30,-38.59,0.00,4101.78,13462.87,38.18,-0.02,715.90,1412.30,825.12,191.88,39.41,35.22,2954.76,2926.62,0.45,0.00,2409.55,6049.45,0.92,0.00,198.66,286.22,250.60,56.58,12.01,694.82,215.95
2025-06-20 23:00,-47.51,0.00,4106.72,13143.06,40.88,-0.02,514.21,1283.50,581.68,192.42,39.10,27.60,2745.85,3116.53,0.39,0.00,2412.44,5905.10,0.95,0.00,143.69,259.52,170.45,56.74,11.91,696.14,141.88
2025-06-20 23:30,-52.43,0.00,4111.69,13003.28,37.04,-0.02,395.63,1162.71,393.67,192.10,39.80,18.25,2627.92,3259.30,0.34,0.00,2415.38,5841.99,0.88,0.00,110.68,233.61,110.25,56.64,12.14,697.25,144.48
2025-06-21 00:00,-80.80,0.00,4101.94,12956.77,35.82,0.00,241.48,949.83,314.86,191.91,40.06,9.88,2255.52,3466.96,0.29,0.00,2409.65,5820.63,0.85,0.00,68.77,187.59,88.01,56.59,12.21,706.10,145.87
2025-06-21 00:30,-17.75,0.00,4104.00,12852.29,31.16,-0.03,196.17,640.86,96.66,191.96,40.40,42.50,1937.63,3664.26,0.29,0.00,2410.83,5768.91,0.76,0.00,56.48,126.03,27.82,56.60,12.33,711.49,145.78
2025-06-21 01:00,-24.77,0.00,4108.28,12795.99,20.99,-0.05,151.50,394.15,46.13,173.34,40.62,35.34,1626.75,3888.65,0.29,0.00,2413.31,5741.90,0.55,0.00,43.62,79.91,13.89,51.11,12.40,718.63,145.73
2025-06-21 01:30,-43.50,0.00,4097.98,12631.47,19.76,0.00,67.33,313.78,46.01,86.49,40.71,27.01,1242.08,4091.09,0.29,0.00,2407.34,5662.54,0.51,0.00,19.39,63.98,13.86,25.50,12.43,725.50,126.94
2025-06-21 02:00,-96.04,0.00,4099.17,12481.03,16.94,-0.03,40.67,233.30,45.57,0.00,40.47,18.02,977.85,4198.58,0.29,0.00,2408.04,5591.08,0.49,0.00,11.71,47.81,13.73,0.00,12.35,733.16,117.87
2025-06-21 02:30,-265.44,0.00,4099.51,12369.10,22.85,-0.03,40.50,213.31,44.99,0.00,41.20,9.61,881.04,4167.29,0.29,0.00,2408.21,5537.65,0.59,0.00,11.66,43.80,13.55,0.00,12.58,742.50,95.27
2025-06-21 03:00,-497.01,0.00,4099.35,12272.89,14.94,-0.05,40.33,213.08,44.84,0.00,40.82,5.92,750.50,4280.42,0.15,0.00,2408.20,5490.80,0.46,0.00,11.61,43.75,13.51,0.00,12.46,750.56,90.59
2025-06-21 03:30,-530.82,0.00,4103.22,12026.12,14.94,-0.05,41.83,213.68,44.96,0.00,39.80,13.77,746.22,4358.41,0.17,0.00,2410.47,5383.49,0.46,0.00,12.04,43.87,13.54,0.00,12.16,747.53,74.75
2025-06-21 04:00,-478.76,0.00,4092.85,12100.97,25.69,0.00,40.17,213.25,44.48,0.00,39.71,4.67,768.91,4317.82,0.27,0.00,2404.31,5414.76,0.63,0.00,11.56,43.79,13.40,0.00,12.16,746.40,87.29
2025-06-21 04:30,-485.18,0.00,4108.78,11959.24,24.28,-0.02,41.00,222.30,44.91,0.00,39.76,8.31,814.29,4331.47,0.27,0.00,2413.69,5348.89,0.64,0.00,11.80,45.65,13.53,0.00,12.17,743.40,90.50
2025-06-21 05:00,-328.56,0.00,4104.90,11896.20,24.79,-0.05,44.00,233.25,44.28,0.00,40.22,8.34,815.45,4335.65,0.27,0.00,2411.28,5321.65,0.62,0.00,12.67,47.90,13.34,0.00,12.29,737.06,98.66
2025-06-21 05:30,-145.78,0.00,4104.25,12126.35,23.53,-0.03,60.50,217.97,43.78,0.00,39.67,6.67,812.26,4358.59,0.27,0.00,2410.87,5426.42,0.60,0.00,17.42,44.77,13.19,0.00,12.14,732.21,89.00
2025-06-21 06:00,-56.44,0.00,4117.89,12385.14,24.40,-0.05,61.83,258.22,44.19,0.00,41.08,21.38,911.06,4370.53,0.27,0.00,2418.97,5542.79,0.61,0.00,17.80,53.08,13.31,0.00,12.54,726.72,88.68
2025-06-21 06:30,-29.81,0.00,4116.06,12893.75,25.81,-0.03,61.33,308.61,44.65,0.00,37.76,311.05,1145.69,4282.06,0.31,1.82,2417.84,5770.77,0.65,0.00,17.66,63.21,13.45,0.00,11.49,715.12,101.71
2025-06-21 07:00,-17.82,0.00,4095.29,13159.16,21.35,-0.05,58.50,321.31,44.06,0.00,33.87,481.72,1718.43,4215.70,19.06,39.23,2405.83,5892.37,0.62,0.00,16.84,65.76,13.27,0.00,10.36,694.93,117.63
2025-06-21 07:30,-19.44,0.00,4082.63,13383.97,18.74,-0.03,60.17,421.87,44.00,0.00,32.35,469.45,2089.03,4166.37,453.61,281.93,2398.74,5997.18,0.64,0.00,17.32,85.97,13.25,0.00,9.90,668.87,149.94
2025-06-21 08:00,-201.95,0.00,4093.71,12974.07,14.95,-0.08,69.17,422.76,44.62,0.00,31.74,436.04,2340.30,3994.30,1735.48,857.25,2405.59,5809.99,0.65,0.00,19.91,86.15,13.45,0.00,9.71,622.51,157.72
2025-06-21 08:30,-39.29,0.00,4085.16,11696.17,17.55,-0.05,63.33,401.62,138.81,0.00,33.75,401.34,1677.34,3944.16,3460.48,1811.59,2400.74,5234.83,0.67,0.00,18.23,81.88,40.99,0.00,10.27,562.45,128.38
2025-06-21 09:00,-18.93,-328.75,4088.60,10478.45,18.19,0.00,40.83,342.52,143.28,0.00,32.40,161.33,1108.33,3825.78,5090.16,3086.14,2402.99,4685.83,0.69,0.00,11.76,69.71,42.08,0.00,9.84,514.66,141.66
2025-06-21 09:30,-27.69,-739.67,4095.76,9651.80,21.84,0.00,40.50,89.81,91.81,0.00,29.46,63.62,1012.49,3379.68,6033.59,4542.13,2407.29,4308.96,0.73,0.00,11.66,18.07,26.89,0.00,9.01,479.59,122.67
2025-06-21 10:00,-150.73,-782.70,4099.84,8586.12,23.18,0.00,41.33,46.82,42.16,0.00,31.09,18.69,889.26,3024.00,6367.47,5796.56,2409.77,3834.61,0.70,0.00,11.90,9.41,12.70,0.00,9.47,448.65,76.60
2025-06-21 10:30,-274.97,-980.20,4093.61,8012.45,27.98,-0.02,41.33,46.48,38.22,0.00,31.07,24.91,873.91,2832.97,6403.01,6745.29,2406.22,3581.78,0.70,0.00,11.90,9.34,11.52,0.00,9.46,432.08,54.20
2025-06-21 11:00,-492.85,-1157.29,4072.99,7654.01,25.48,-0.02,41.00,46.26,38.19,0.00,28.85,2.57,819.31,2613.15,6178.32,7497.05,2394.45,3423.09,0.71,0.00,11.80,9.29,11.51,0.00,8.83,428.23,50.38
2025-06-21 11:30,-942.85,-1157.45,3944.58,7427.93,20.85,-0.02,41.00,46.71,38.18,0.00,32.47,4.82,765.89,2500.17,6116.14,8060.60,2321.04,3324.35,0.65,0.00,11.80,9.38,11.50,0.00,9.91,422.96,32.52
2025-06-21 12:00,-900.64,-1156.92,3879.27,7351.48,18.36,0.00,41.50,46.71,38.23,0.00,32.33,1.76,747.23,2575.84,5745.23,8390.06,2282.96,3289.80,0.58,0.00,11.95,9.38,11.52,0.00,9.94,418.95,35.95
2025-06-21 12:30,-1141.92,-1155.35,3715.60,7253.67,19.48,0.00,41.17,46.60,38.20,0.00,35.14,0.47,727.45,2569.46,5894.66,8470.31,2187.95,3243.98,0.60,0.00,11.85,9.36,11.51,0.00,10.76,413.05,32.22
2025-06-21 13:00,-1071.69,-1153.94,3616.54,7212.12,18.72,0.00,41.17,46.60,38.17,0.00,32.69,1.42,735.02,2423.35,5767.28,8257.62,2130.87,3225.52,0.60,0.00,11.85,9.36,11.50,0.00,10.06,415.93,27.41
2025-06-21 13:30,-1081.37,-1153.51,3727.44,7288.81,20.55,-0.03,41.33,46.37,38.15,0.00,28.94,1.14,736.42,2250.05,5765.15,7901.64,2194.91,3259.31,0.63,0.00,11.90,9.32,11.49,0.00,8.94,429.23,27.11
2025-06-21 14:00,-866.48,-1153.43,3822.26,7414.68,16.27,0.00,41.50,49.59,38.17,0.00,33.10,2.42,753.96,2139.15,5629.62,7302.02,2249.94,3314.33,0.55,0.00,11.95,10.02,11.50,0.00,10.12,444.71,35.79
2025-06-21 14:30,-429.42,-1150.54,3771.31,7697.06,20.58,0.00,41.00,83.39,38.17,0.00,33.21,10.72,766.55,2075.50,5498.35,6451.14,2220.36,3438.17,0.62,0.00,11.80,17.36,11.50,0.00,10.15,458.50,28.79
2025-06-21 15:00,-239.12,-987.34,3810.57,7962.83,22.71,0.00,42.00,187.10,38.19,0.00,32.45,54.49,800.12,2095.78,5531.58,5411.94,2242.93,3562.23,0.67,0.00,12.09,40.05,11.51,0.00,9.97,474.85,36.35
2025-06-21 15:30,-80.63,-699.11,3851.23,9143.70,19.02,-0.02,41.67,398.44,44.30,0.00,30.95,78.91,865.94,2040.03,4956.59,4138.92,2265.88,4089.02,0.62,0.00,12.00,81.89,13.35,0.00,9.56,521.33,56.70
2025-06-21 16:00,-87.28,-98.22,4052.15,10691.36,17.19,-0.03,52.17,713.47,43.53,0.00,37.25,56.55,1119.84,1972.69,3843.56,2762.81,2383.34,4776.51,0.62,0.00,15.02,143.41,13.36,0.00,11.37,583.36,72.29
2025-06-21 16:30,-17.21,0.00,4131.80,12316.75,14.20,0.00,109.67,1078.10,264.71,25.16,37.06,279.51,2072.10,1987.55,1931.92,1476.88,2428.40,5510.12,0.62,0.00,31.57,217.00,74.58,7.42,11.40,644.24,132.05
2025-06-21 17:00,-10.31,0.00,4112.88,13007.98,17.49,0.00,169.00,1267.44,539.53,182.95,36.93,1004.56,3226.86,2158.51,526.99,535.11,2417.35,5826.76,0.68,0.00,48.66,255.39,157.15,53.94,11.37,655.16,179.03
2025-06-21 17:30,-1.56,0.00,4120.65,13441.27,19.98,-0.04,198.83,1335.15,614.24,191.49,36.83,1391.05,4069.84,2459.05,57.38,118.70,2421.98,6024.60,0.72,0.01,57.24,269.45,180.57,56.46,11.29,643.24,206.78
2025-06-21 18:00,-4.61,0.00,4107.92,13861.43,19.75,-0.06,196.83,1346.69,757.64,188.62,27.52,1464.25,4148.81,2806.44,1.63,13.06,2414.51,6215.60,0.74,0.01,56.67,272.70,220.76,55.62,8.50,639.01,192.47
2025-06-21 18:30,-3.36,0.00,4119.61,13797.35,18.02,0.00,194.00,1362.69,765.26,176.06,28.95,1093.84,4106.53,3452.62,0.51,0.41,2421.33,6189.61,0.73,0.00,55.85,275.93,222.95,51.91,8.90,633.90,147.91
2025-06-21 19:00,-3.36,0.00,4112.22,13642.66,17.27,0.00,194.17,1391.38,770.78,164.44,31.54,780.86,3873.29,3993.48,0.50,0.00,2416.96,6119.56,0.75,0.00,55.90,280.57,224.91,48.48,9.60,632.17,151.77
2025-06-21 19:30,-16.47,0.00,4116.45,13730.89,19.18,0.00,198.00,1295.17,841.27,175.22,34.37,347.82,3606.84,4380.99,0.43,0.00,2419.45,6160.51,0.75,0.00,57.00,261.28,251.55,51.66,10.42,641.32,141.99
2025-06-21 20:00,-26.47,0.00,4118.01,13780.02,18.10,-0.02,197.83,1249.64,801.22,191.45,27.10,86.15,3308.35,4653.51,0.41,0.00,2420.35,6182.25,0.74,0.00,56.96,252.16,239.69,56.45,8.36,648.96,135.72
2025-06-21 20:30,-27.84,0.00,4117.72,13810.96,16.62,0.00,198.33,1232.66,644.92,192.43,34.23,34.53,2782.85,5022.88,0.37,0.00,2420.19,6193.55,0.73,0.00,57.10,248.73,194.94,56.74,10.40,654.47,138.09
2025-06-21 21:00,-63.83,0.00,4099.90,13911.82,14.23,-0.03,195.83,1236.62,570.46,174.85,34.14,18.33,2021.63,5455.24,0.37,0.00,2409.92,6238.45,0.68,0.00,56.38,249.53,170.53,51.55,10.37,664.08,127.82
2025-06-21 21:30,-14.56,0.00,4066.23,13884.32,13.30,-0.02,106.83,1196.55,285.03,89.26,33.78,64.88,1723.23,5706.19,0.37,0.00,2390.24,6224.73,0.65,0.00,30.76,240.80,81.27,26.32,10.27,663.22,122.02
2025-06-21 22:00,-32.32,0.00,4056.46,13749.81,12.41,0.00,61.67,1110.12,90.11,89.12,29.36,32.58,1358.44,5889.66,0.36,0.00,2384.66,6161.66,0.65,0.00,17.75,222.54,25.11,26.28,9.00,669.07,112.36
2025-06-21 22:30,-7.95,0.00,4050.47,13398.84,23.44,0.00,62.83,813.00,54.13,84.50,25.16,18.77,1246.05,5977.00,0.26,0.00,2381.14,6006.72,0.66,0.00,18.09,163.89,15.88,24.91,7.83,669.54,108.26
2025-06-21 23:00,-4.85,0.00,4054.02,13400.33,39.43,-0.03,58.50,370.26,44.78,1.64,32.75,17.67,1087.50,6000.15,0.16,0.00,2383.24,6006.65,0.78,0.00,16.84,73.80,13.49,0.48,9.98,677.65,105.52
2025-06-21 23:30,-17.22,0.00,4039.43,13234.46,42.48,0.00,40.50,75.36,44.58,0.00,36.00,3.61,1013.52,6009.52,0.20,0.00,2374.74,5930.11,0.80,0.00,11.66,15.05,13.43,0.00,10.90,681.56,100.87
2025-06-22 00:00,-29.97,0.00,4037.44,12808.22,40.66,0.00,40.00,61.02,44.31,0.00,20.05,8.50,876.32,6004.24,0.26,0.00,2373.59,5737.35,0.80,0.00,11.52,12.26,13.35,0.00,6.39,682.13,87.63
2025-06-22 00:30,-53.47,0.00,4052.81,12292.04,38.23,0.00,41.17,43.24,44.25,0.00,32.46,8.64,790.83,5995.40,0.26,0.00,2382.51,5504.39,0.79,0.00,11.85,8.69,13.33,0.00,9.90,681.23,75.17
2025-06-22 01:00,-41.91,0.00,4042.28,11696.50,44.38,-0.03,40.67,42.79,43.92,0.00,22.32,8.71,740.43,6093.55,0.26,0.00,2376.44,5240.01,0.83,0.00,11.71,8.60,13.23,0.00,7.03,673.69,67.34
2025-06-22 01:30,-64.55,-17.25,3937.57,11122.81,41.34,0.00,40.83,42.90,43.43,0.00,26.99,6.63,694.85,6287.71,0.26,0.00,2317.19,4986.68,0.77,0.00,11.76,8.62,13.08,0.00,8.34,662.93,25.20
2025-06-22 02:00,-117.26,-195.18,3817.76,10829.85,38.63,0.00,41.00,42.68,43.85,0.00,34.93,7.27,698.06,6466.35,0.26,0.00,2247.69,4855.86,0.74,0.00,11.80,8.57,13.21,0.00,10.59,658.60,20.01
2025-06-22 02:30,-161.91,-211.20,3653.51,10674.10,35.48,-0.03,41.17,42.46,44.73,0.00,32.63,5.03,683.95,6466.77,0.26,0.00,2152.84,4786.23,0.72,0.00,11.85,8.53,13.48,0.00,9.93,655.52,18.90
2025-06-22 03:00,-146.12,-462.44,3618.20,10612.80,33.36,0.00,40.83,42.35,44.92,0.00,32.26,11.43,691.16,6549.01,0.26,0.00,2132.26,4757.68,0.68,0.00,11.76,8.51,13.53,0.00,9.83,658.27,19.19
2025-06-22 03:30,-79.76,-477.06,3623.57,10670.47,32.59,-0.02,40.83,42.23,44.89,0.00,27.53,4.58,689.03,6435.36,0.26,0.00,2135.41,4784.81,0.69,0.00,11.76,8.48,13.52,0.00,8.50,661.44,19.19
2025-06-22 04:00,-60.25,-476.28,3589.26,10585.78,39.22,0.00,41.17,42.35,44.58,0.00,32.57,13.91,694.64,6328.61,0.26,0.00,2115.47,4747.30,0.76,0.00,11.85,8.51,13.43,0.00,9.93,661.75,19.19
2025-06-22 04:30,-34.67,-476.75,3718.90,10483.26,37.35,-0.03,40.83,42.23,44.70,0.00,26.85,8.09,720.81,6140.45,0.22,0.00,2189.55,4698.13,0.74,0.00,11.76,8.48,13.46,0.00,8.28,667.92,21.01
2025-06-22 05:00,-76.34,-476.19,3796.61,10573.19,36.55,0.00,40.83,42.01,44.53,0.00,24.90,6.56,729.96,6136.58,0.14,0.00,2233.86,4738.46,0.73,0.00,11.76,8.44,13.42,0.00,7.75,671.90,35.95
2025-06-22 05:30,-48.48,-475.89,3856.69,10726.10,32.84,-0.02,40.83,42.35,44.04,0.00,21.91,6.50,746.38,6118.12,0.14,0.00,2268.67,4809.28,0.69,0.00,11.76,8.51,13.27,0.00,6.89,674.43,35.95
2025-06-22 06:00,-54.91,-442.44,3901.60,10885.78,33.54,0.00,41.00,42.35,42.53,0.00,19.30,6.34,800.85,6255.34,0.14,0.00,2294.72,4883.08,0.69,0.00,11.80,8.51,12.81,0.00,6.15,670.44,35.95
2025-06-22 06:30,-15.07,-242.36,3852.66,11091.00,32.17,0.00,41.00,42.35,42.86,0.00,27.20,17.28,894.84,6487.34,0.18,1.93,2266.37,4972.75,0.68,0.00,11.80,8.51,12.91,0.00,8.40,653.82,35.95
2025-06-22 07:00,-31.66,-80.64,3970.00,11470.50,30.75,0.00,41.00,42.01,42.53,0.00,28.63,55.44,913.26,6545.17,22.01,39.77,2334.42,5140.27,0.67,0.00,11.80,8.44,12.81,0.00,8.79,651.16,64.37
2025-06-22 07:30,-28.96,-80.75,4040.08,11751.22,38.63,-0.10,41.00,42.01,43.14,0.00,19.95,136.43,946.65,6572.86,453.96,277.57,2375.12,5265.13,0.73,0.00,11.80,8.44,13.00,0.00,6.36,633.35,62.50
2025-06-22 08:00,-15.10,-80.59,4036.27,11254.57,40.44,0.00,40.00,42.12,43.36,0.00,30.07,87.23,940.45,6579.94,1638.80,857.63,2372.90,5045.67,0.74,0.00,11.52,8.46,13.06,0.00,9.23,585.33,74.47
2025-06-22 08:30,-133.45,-80.80,3979.15,9800.97,41.64,0.00,40.33,42.35,40.81,0.00,24.93,10.15,913.90,6620.93,3220.17,1885.56,2340.01,4397.19,0.78,0.00,11.61,8.51,12.29,0.00,7.77,513.37,46.33
2025-06-22 09:00,-336.41,-162.16,3689.03,8467.81,36.62,-0.07,40.83,42.12,38.21,0.00,29.44,19.53,936.20,6256.02,4723.85,3224.42,2174.32,3805.73,0.73,0.00,11.76,8.46,11.51,0.00,9.05,445.95,19.19
2025-06-22 09:30,-286.11,-342.80,3618.16,7473.91,42.07,-0.05,41.33,42.01,38.20,0.00,25.22,8.08,965.74,5677.31,5333.04,4686.22,2133.36,3365.13,0.79,0.00,11.90,8.44,11.51,0.00,7.85,405.45,19.19
2025-06-22 10:00,-382.35,-537.41,3360.06,6876.43,42.40,0.00,41.83,41.90,38.14,0.00,33.92,22.88,952.26,5148.76,5622.75,5992.26,1983.89,3090.57,0.79,0.00,12.04,8.42,11.49,0.00,10.31,375.54,8.95
2025-06-22 10:30,-293.66,-761.64,2792.28,6784.14,39.47,0.00,41.33,42.12,38.22,0.00,22.15,20.05,909.17,4906.06,5607.92,7119.76,1649.47,3041.31,0.77,0.00,11.90,8.46,11.51,0.00,6.98,346.97,69.13
2025-06-22 11:00,-295.63,-1079.04,2503.29,6600.44,39.44,0.00,41.17,42.46,38.19,0.00,27.17,11.58,764.60,4794.53,5538.98,8085.49,1475.40,2958.90,0.77,0.00,11.85,8.53,11.51,0.00,8.40,330.13,29.19
2025-06-22 11:30,-323.21,-1158.69,2433.01,6421.49,34.98,0.00,42.33,42.35,38.19,0.00,35.01,15.02,763.06,4630.50,5313.18,8725.89,1427.86,2878.81,0.73,0.00,12.19,8.51,11.51,0.00,10.62,322.08,8.96
2025-06-22 12:00,-339.59,-1159.31,2421.83,6940.77,21.43,-0.02,40.17,42.35,38.20,0.00,34.97,4.85,736.12,4218.01,5082.71,8671.31,1423.53,3108.18,0.66,0.00,11.56,8.51,11.51,0.00,10.61,341.97,-19.50
2025-06-22 12:30,-483.70,-1156.44,2320.80,6907.00,27.66,0.00,40.83,42.01,38.18,0.00,27.42,4.72,705.92,4280.92,5021.49,8326.38,1366.91,3092.88,0.68,0.00,11.76,8.44,11.50,0.00,8.47,344.83,-20.00
2025-06-22 13:00,-815.57,-1156.13,2365.18,6948.56,29.68,0.00,40.83,42.01,38.16,0.00,32.59,1.45,696.48,4444.89,4892.15,8178.66,1392.01,3109.11,0.66,0.00,11.76,8.44,11.50,0.00,9.93,353.04,-19.11
2025-06-22 13:30,-924.23,-1155.25,2273.29,7345.31,34.49,0.00,40.50,42.23,38.18,0.00,29.91,0.58,686.58,4315.27,4948.58,7800.16,1340.26,3281.58,0.72,0.00,11.66,8.48,11.50,0.00,9.18,366.11,-19.99
2025-06-22 14:00,-912.19,-1119.23,2297.76,7520.89,40.95,0.00,41.67,45.51,39.79,0.00,24.87,7.88,700.22,4163.63,4842.38,7313.49,1354.59,3357.95,0.79,0.00,12.00,9.19,11.99,0.00,7.75,380.23,-18.15
2025-06-22 14:30,-683.80,-678.49,2332.58,8187.74,38.30,0.00,42.17,82.53,39.09,0.00,28.83,9.89,707.88,4151.92,4326.65,6413.86,1374.19,3651.97,0.77,0.00,12.14,17.25,11.78,0.00,8.83,406.17,-21.00
2025-06-22 15:00,-657.92,-323.50,2390.71,9209.31,35.20,0.00,41.83,182.66,38.16,0.00,26.20,10.12,727.34,4274.72,4025.64,5114.11,1406.67,4117.46,0.73,0.00,12.04,39.02,11.50,0.00,8.08,445.95,-20.00
2025-06-22 15:30,-133.54,-309.36,2513.08,10307.74,33.34,0.00,42.33,235.86,40.13,0.00,34.52,57.74,815.00,4338.88,3884.67,3555.28,1481.88,4614.58,0.72,0.00,12.19,50.99,12.09,0.00,10.48,486.55,-19.50
2025-06-22 16:00,-47.12,-80.75,2956.03,11246.68,34.76,0.00,41.67,367.74,44.59,0.00,35.95,153.11,969.19,4273.64,3280.22,2316.51,1739.52,5040.61,0.73,0.00,12.00,78.22,13.43,0.00,10.90,538.87,-13.52
2025-06-22 16:30,-3.27,0.00,3762.73,12486.55,32.38,0.00,42.00,611.03,44.57,0.00,35.14,263.79,1233.25,4800.91,1713.63,1237.12,2211.52,5589.38,0.71,0.00,12.09,129.07,13.43,0.00,10.67,606.77,86.52
2025-06-22 17:00,-4.34,0.00,4114.02,13385.73,38.30,0.00,40.33,697.70,44.62,38.47,32.88,840.57,2103.27,5053.76,467.46,408.00,2418.09,6003.52,0.76,0.00,11.61,147.29,13.44,11.34,10.12,632.13,112.18
2025-06-22 17:30,-2.73,0.00,4123.75,13782.55,42.56,0.00,40.33,753.86,44.74,89.11,36.27,1107.52,2924.84,5628.22,42.64,74.49,2423.80,6185.40,0.80,0.00,11.61,158.94,13.48,26.27,11.12,615.68,141.66
2025-06-22 18:00,-22.95,0.00,4119.77,13921.56,42.69,0.00,40.50,765.18,78.62,88.52,32.65,1260.59,3345.29,6057.28,1.05,6.89,2421.41,6252.39,0.84,0.00,11.66,161.29,27.17,26.10,10.05,599.30,172.32
2025-06-22 18:30,-2.94,0.00,4121.82,13867.69,36.53,0.00,40.17,767.57,347.92,86.06,35.16,920.79,3269.68,6347.09,0.35,0.25,2422.61,6226.93,0.85,0.00,11.56,161.82,132.18,25.37,10.67,602.72,153.58
2025-06-22 19:00,-14.60,0.00,4118.19,13725.49,34.45,0.00,40.17,760.62,362.37,26.45,32.50,535.83,3227.45,6625.35,0.25,0.00,2420.52,6164.49,0.81,0.00,11.56,160.41,137.87,7.80,9.91,604.82,141.99
2025-06-22 19:30,-27.19,0.00,4111.61,13671.93,36.08,0.00,40.00,713.25,342.45,0.00,33.08,241.81,2742.55,7140.34,0.25,0.00,2416.69,6141.04,0.84,0.00,11.52,150.94,130.03,0.00,10.08,610.14,105.98
2025-06-22 20:00,-16.31,0.00,4123.67,13529.11,28.80,0.00,40.67,710.44,187.39,0.00,29.99,79.79,2384.66,7465.97,0.25,0.00,2423.58,6070.08,0.77,0.00,11.71,150.38,69.30,0.00,9.21,611.60,103.56
2025-06-22 20:30,-21.56,0.00,4132.02,13550.62,28.06,0.00,40.83,668.59,44.46,0.00,33.17,58.55,2050.81,7429.26,0.25,0.00,2428.47,6080.84,0.77,0.00,11.76,141.25,13.39,0.00,10.12,620.14,100.98
2025-06-22 21:00,-21.00,0.00,4098.45,13510.56,29.10,0.00,40.33,588.62,43.49,0.00,30.21,30.12,1435.28,7469.38,0.25,0.00,2408.97,6062.42,0.77,0.00,11.61,123.88,13.10,0.00,9.27,633.28,101.43
2025-06-22 21:30,-69.16,0.00,4012.38,13123.36,26.29,0.00,40.33,432.02,43.24,0.00,32.51,22.93,1067.34,7619.83,0.25,0.00,2360.06,5886.14,0.75,0.00,11.61,90.95,13.03,0.00,9.92,635.45,70.36
2025-06-22 22:00,-88.49,0.00,3603.47,12581.68,28.33,0.00,40.50,366.25,43.55,0.00,35.29,14.60,949.47,7702.75,0.35,0.00,2123.79,5644.89,0.76,0.00,11.66,77.65,13.12,0.00,10.70,623.68,0.37
2025-06-22 22:30,-31.82,0.00,3268.38,12584.47,31.62,0.00,41.50,101.06,43.35,0.00,34.92,30.50,816.16,7507.92,0.51,0.00,1929.14,5643.07,0.76,0.00,11.95,21.28,13.06,0.00,10.60,624.67,8.95
2025-06-22 23:00,-128.29,0.00,3091.29,12170.21,34.57,0.00,41.33,42.01,42.85,0.00,36.12,10.52,747.43,7508.54,0.51,0.00,1826.36,5460.63,0.76,0.00,11.90,8.44,12.91,0.00,10.97,621.43,8.95
2025-06-22 23:30,-112.26,0.00,3085.38,11562.45,38.91,0.00,41.17,42.12,42.54,0.00,35.32,13.07,683.43,7626.21,0.51,0.00,1822.82,5191.02,0.79,0.00,11.85,8.46,12.82,0.00,10.71,612.21,8.95
2025-06-23 00:00,-64.14,0.00,2878.78,11210.30,32.66,-0.03,40.83,42.12,42.50,0.00,33.12,35.03,670.53,7531.47,0.51,0.00,1704.08,5032.13,0.74,0.00,11.76,8.46,12.80,0.00,10.10,603.92,0.00
2025-06-23 00:30,-30.90,0.00,2579.96,10822.17,27.94,0.00,40.83,42.23,41.97,0.00,32.43,22.23,645.80,7781.80,0.51,0.00,1529.94,4852.45,0.69,0.00,11.76,8.48,12.64,0.00,9.88,583.98,8.95
2025-06-23 01:00,-60.56,0.00,2481.17,10573.39,25.10,0.00,40.50,42.23,41.37,0.00,33.22,20.12,631.02,7730.74,0.51,0.00,1469.14,4742.50,0.66,0.00,11.66,8.48,12.46,0.00,10.13,580.28,0.14
2025-06-23 01:30,-96.78,0.00,2474.27,10296.33,30.71,0.00,40.83,42.12,41.04,0.00,27.89,8.70,636.26,7598.54,0.47,0.00,1464.90,4616.92,0.73,0.00,11.76,8.46,12.37,0.00,8.62,580.44,-8.38
2025-06-23 02:00,-360.00,-17.65,2463.32,10162.62,35.22,0.00,40.67,42.23,41.00,0.00,22.96,3.04,619.13,7673.02,0.22,0.00,1458.67,4557.12,0.76,0.00,11.71,8.48,12.35,0.00,7.23,584.42,-13.52
2025-06-23 02:30,-661.21,-195.05,2473.88,10149.29,35.22,0.00,41.33,42.01,41.94,0.00,20.33,2.66,600.74,7887.66,0.10,0.00,1464.71,4551.04,0.76,0.00,11.90,8.44,12.64,0.00,6.48,592.59,-11.86
2025-06-23 03:00,-797.20,-194.72,2482.40,9992.02,28.11,0.00,41.50,42.23,42.32,0.00,22.79,3.66,607.16,7978.05,0.03,0.00,1469.69,4481.01,0.66,0.00,11.95,8.48,12.75,0.00,7.17,591.82,-18.73
2025-06-23 03:30,-646.86,-194.43,2486.33,9992.69,23.16,-0.03,41.83,41.79,42.16,0.00,36.20,14.87,623.39,7788.98,0.03,0.00,1471.97,4481.06,0.59,0.00,12.04,8.39,12.70,0.00,10.98,592.37,-20.00
2025-06-23 04:00,-568.36,-194.77,2494.67,9937.73,28.45,0.00,42.00,42.12,42.52,0.00,25.40,13.93,667.79,7733.77,0.03,0.00,1476.80,4457.13,0.66,0.00,12.09,8.46,12.81,0.00,7.92,589.76,-20.00
2025-06-23 04:30,-332.36,-194.80,2466.97,10136.85,20.77,0.00,40.67,41.90,43.10,0.00,28.05,27.41,673.03,7692.16,0.03,0.00,1460.71,4550.12,0.56,0.00,11.71,8.42,12.98,0.00,8.67,586.44,-20.00
2025-06-23 05:00,-290.79,-194.65,2477.28,10239.85,33.74,0.00,41.00,42.23,43.05,0.00,24.44,40.02,694.43,7861.11,0.03,0.00,1466.83,4596.78,0.68,0.00,11.80,8.48,12.97,0.00,7.61,581.12,-20.00
2025-06-23 05:30,-166.70,-162.20,2476.44,10769.45,25.28,0.00,40.17,42.01,43.13,0.00,27.54,46.08,713.30,8037.16,0.03,0.00,1466.11,4839.27,0.62,0.00,11.56,8.44,12.99,0.00,8.51,579.90,-19.99
2025-06-23 06:00,-181.03,0.00,2604.28,11310.76,21.78,-0.03,41.67,41.79,42.85,0.00,32.28,82.38,793.42,8283.02,0.03,0.00,1538.41,5083.93,0.56,0.00,12.00,8.39,12.91,0.00,9.84,577.82,-18.13
2025-06-23 06:30,-54.97,0.00,2946.98,12360.68,26.42,0.00,40.67,41.79,42.89,0.00,35.10,77.70,951.85,8530.00,0.12,2.27,1738.29,5552.74,0.64,0.00,11.71,8.39,12.92,0.00,10.64,586.79,0.01
2025-06-23 07:00,-33.40,0.00,3405.39,12854.70,31.94,0.00,41.50,41.90,43.30,0.00,27.05,247.61,1580.94,8601.77,15.70,41.31,2007.83,5776.48,0.68,0.00,11.95,8.42,13.05,0.00,8.35,581.92,20.01
2025-06-23 07:30,-34.80,0.00,3769.70,13157.34,29.48,0.00,41.33,42.12,43.09,0.00,34.59,351.32,1914.72,8792.19,296.43,259.60,2219.95,5912.48,0.69,0.00,11.90,8.46,12.98,0.00,10.49,569.88,53.28
2025-06-23 08:00,-19.92,0.00,4068.48,12838.66,25.40,0.00,41.67,42.12,43.42,0.00,34.56,207.63,1523.33,8964.37,1189.15,785.75,2391.96,5763.40,0.65,0.00,12.00,8.46,13.08,0.00,10.47,551.36,63.95
2025-06-23 08:30,-30.16,-17.15,4022.24,11563.03,26.34,-0.03,40.83,41.90,43.06,0.00,24.53,105.41,1027.47,8922.68,2443.28,1621.59,2366.09,5182.46,0.66,0.00,11.76,8.42,12.97,0.00,7.64,508.80,21.16
2025-06-23 09:00,-82.94,-276.20,3855.92,10084.18,25.01,-0.10,42.00,41.67,38.53,0.00,34.98,37.59,949.76,8509.00,3564.35,2800.90,2271.12,4515.46,0.65,0.00,12.09,8.37,11.61,0.00,10.60,461.10,9.20
2025-06-23 09:30,-123.05,-850.06,3650.44,9220.10,29.26,0.00,40.50,41.90,38.24,0.00,24.85,52.98,945.35,8114.06,4257.34,4076.54,2152.93,4129.28,0.68,0.00,11.66,8.42,11.52,0.00,7.74,428.36,8.99
2025-06-23 10:00,-220.46,-1161.09,3261.59,8466.95,26.72,0.00,41.33,41.56,38.16,0.00,19.78,104.90,897.94,7702.08,4722.69,5253.80,1929.74,3793.19,0.64,0.00,11.90,8.35,11.50,0.00,6.31,394.69,8.95
2025-06-23 10:30,-339.84,-1159.16,2803.34,7945.81,11.12,0.00,40.67,41.79,38.24,0.00,27.23,22.70,804.68,7835.09,4664.86,6274.27,1664.07,3557.37,0.54,0.00,11.71,8.39,11.52,0.00,8.41,362.76,36.32
2025-06-23 11:00,-247.42,-1158.83,2520.66,7475.54,11.74,0.00,41.50,41.90,38.18,0.00,26.31,27.09,756.30,7820.56,4452.91,7087.41,1496.68,3346.83,0.55,0.00,11.95,8.42,11.50,0.00,8.12,338.07,29.11
2025-06-23 11:30,-310.77,-1158.72,2603.55,7254.61,12.42,-0.07,40.33,42.12,38.20,0.00,20.35,48.12,710.59,7357.55,4414.92,7611.34,1546.09,3245.54,0.58,0.00,11.61,8.46,11.51,0.00,6.40,336.78,71.71
2025-06-23 12:00,-493.26,-1157.64,2477.79,7149.57,14.40,-0.08,40.67,42.57,38.16,0.00,27.96,22.72,526.27,7067.35,4352.45,8126.52,1469.27,3198.14,0.63,0.00,11.71,8.55,11.50,0.00,8.55,333.51,-20.00
2025-06-23 12:30,-513.82,-1157.00,2431.93,7148.97,31.68,0.00,41.00,42.57,38.17,0.00,27.74,18.47,538.07,6676.88,4341.67,8381.92,1441.32,3196.40,0.79,0.00,11.80,8.55,11.50,0.00,8.49,333.63,-25.10
2025-06-23 13:00,-569.34,-1153.61,2326.21,7208.31,37.05,0.00,41.33,42.23,38.18,0.00,30.40,30.76,496.40,6451.63,4476.89,8333.43,1381.86,3222.63,0.89,0.00,11.90,8.48,11.50,0.00,9.25,334.40,-23.46
2025-06-23 13:30,-473.58,-1152.60,2308.35,7063.92,34.10,0.00,40.83,41.56,38.25,0.00,34.34,254.60,451.55,6553.15,4358.59,7950.69,1371.82,3159.18,0.80,0.00,11.76,8.35,11.52,0.00,10.41,332.60,-20.00
2025-06-23 14:00,-512.25,-991.02,2302.35,7051.18,29.01,0.00,42.00,45.04,39.84,0.00,26.85,158.14,454.51,6825.77,4260.56,7330.04,1368.58,3154.14,0.65,0.00,12.09,9.11,12.00,0.00,8.29,337.36,-20.00
2025-06-23 14:30,-515.44,-908.44,2319.63,7609.82,23.65,-0.07,42.83,84.40,41.64,0.00,33.83,43.63,503.93,6917.14,4195.90,6336.10,1376.36,3409.22,0.57,0.00,12.33,17.93,12.54,0.00,10.26,362.10,-18.27
2025-06-23 15:00,-624.58,-713.65,2830.47,8381.74,25.98,-0.03,43.33,246.76,42.36,0.00,21.53,88.34,578.25,6691.93,3676.31,5196.50,1667.04,3753.68,0.62,0.00,12.48,51.94,12.93,0.00,6.78,415.74,20.01
2025-06-23 15:30,-554.68,-425.11,3207.03,9016.33,35.73,0.00,43.50,438.89,42.59,0.00,33.45,50.46,495.54,6817.96,3243.19,3993.95,1884.92,4042.71,0.71,0.00,12.52,91.64,12.83,0.00,10.16,458.08,0.00
2025-06-23 16:00,-504.50,-96.12,3263.56,10321.59,43.23,0.00,42.67,506.26,42.89,0.00,29.44,73.44,606.09,7314.56,2301.13,2651.33,1921.14,4628.15,0.84,0.00,12.28,105.77,12.92,0.00,9.02,503.10,19.19
2025-06-23 16:30,-162.39,0.00,3367.34,11725.50,49.55,0.00,42.17,619.04,49.37,0.00,27.33,111.75,928.38,7470.96,1313.85,1389.28,1981.29,5258.21,0.99,0.00,12.14,130.49,14.93,0.00,8.44,550.01,27.85
2025-06-23 17:00,-17.72,0.00,3707.52,12450.87,49.97,-0.02,40.50,708.56,246.16,0.00,36.14,597.58,1759.93,7254.09,393.95,492.36,2176.42,5591.21,1.05,0.00,11.66,149.35,70.62,0.00,10.99,578.02,69.69
2025-06-23 17:30,-3.75,0.00,3903.81,12695.70,46.14,0.00,41.17,762.77,483.33,0.00,36.82,845.04,2421.26,7552.37,46.19,114.79,2287.66,5705.04,1.03,0.00,11.85,160.67,137.33,0.00,11.18,574.51,82.09
2025-06-23 18:00,-2.91,0.00,3875.43,12717.05,50.80,0.00,40.33,767.49,750.58,0.00,39.55,874.86,2690.86,8047.96,1.57,13.39,2270.39,5715.49,1.05,0.00,11.61,161.57,214.15,0.00,12.02,561.58,41.25
2025-06-23 18:30,-3.62,0.00,3878.88,12756.15,53.83,0.00,41.00,757.60,842.00,0.00,40.64,718.19,2643.88,8231.88,1.06,0.37,2272.59,5733.25,1.10,0.00,11.80,159.62,240.71,0.00,12.40,562.81,121.64
2025-06-23 19:00,-14.57,0.00,3859.99,12700.53,51.24,0.00,40.00,727.69,819.61,0.00,41.73,504.28,2424.05,8410.06,1.06,0.00,2261.36,5706.90,1.09,0.00,11.52,153.57,234.07,0.00,12.73,566.96,20.01
2025-06-23 19:30,-15.93,0.00,3798.03,12618.77,49.26,0.00,40.00,700.36,666.37,0.00,40.98,210.16,2040.19,8801.77,0.96,0.00,2226.03,5670.17,1.08,0.00,11.52,148.18,189.47,0.00,12.49,570.55,41.25
2025-06-23 20:00,-16.18,0.00,3662.22,12681.14,47.85,-0.03,40.17,703.18,488.74,0.00,40.54,133.93,1601.08,8946.21,0.81,0.00,2148.17,5696.73,1.09,0.00,11.56,148.75,138.67,0.00,12.36,575.89,8.95
2025-06-23 20:30,-42.40,0.00,3720.26,12496.10,47.97,-0.05,40.00,685.75,211.03,0.00,39.00,51.77,1456.67,9107.84,0.56,0.00,2182.34,5609.05,1.11,0.00,11.52,145.19,60.34,0.00,11.86,576.78,23.62
2025-06-23 21:00,-28.07,0.00,3621.64,12113.92,51.35,0.00,40.17,569.00,57.42,0.00,38.04,43.79,1275.89,9221.23,0.56,0.00,2125.55,5430.41,1.13,0.00,11.56,121.67,17.03,0.00,11.55,571.67,8.95
2025-06-23 21:30,-28.45,0.00,3299.44,11813.90,42.10,-0.05,40.67,421.33,43.50,0.00,35.32,160.00,1015.72,9270.52,0.56,0.00,1938.16,5296.88,1.03,0.00,11.71,90.92,13.11,0.00,10.78,563.87,0.45
2025-06-23 22:00,-63.84,0.00,3094.34,11285.13,31.99,-0.08,41.00,318.44,43.50,0.00,32.79,68.65,793.36,9411.50,0.56,0.00,1819.11,5062.92,0.97,0.00,11.80,68.55,13.11,0.00,10.08,557.64,8.95
2025-06-23 22:30,-45.87,0.00,2857.74,11191.40,35.54,-0.03,40.50,104.61,43.37,0.00,36.08,34.13,588.44,9467.42,0.56,0.00,1679.10,5018.43,0.94,0.00,11.66,22.05,13.07,0.00,11.02,554.84,8.95
2025-06-23 23:00,-48.06,-17.30,2664.41,10806.06,32.47,0.00,40.50,42.23,43.40,0.00,35.46,39.54,547.91,9288.22,0.56,0.00,1567.83,4836.36,0.92,0.00,11.66,8.48,13.07,0.00,10.82,549.44,-7.86
2025-06-23 23:30,-57.09,-194.82,2674.12,10503.15,33.21,0.00,40.33,42.57,43.33,0.00,31.97,48.88,556.00,9162.84,0.56,0.00,1572.66,4698.10,0.92,0.00,11.61,8.55,13.05,0.00,9.90,551.87,8.95
2025-06-24 00:00,-70.39,-210.98,2564.79,10310.79,26.83,0.00,40.50,42.35,43.58,0.00,38.57,20.95,509.70,9002.87,0.56,0.00,1509.66,4607.82,0.84,0.00,11.66,8.51,13.13,0.00,11.72,552.27,0.01
2025-06-24 00:30,-52.77,-410.30,2464.69,10204.48,42.10,-0.03,40.67,42.35,43.12,0.00,26.85,23.80,493.71,8889.17,0.56,0.00,1451.89,4560.27,0.96,0.00,11.71,8.51,12.99,0.00,8.38,555.26,0.01
2025-06-24 01:00,-46.82,-589.83,2402.46,9978.03,50.64,0.00,40.33,42.57,42.92,0.00,35.88,19.33,510.99,8860.70,0.62,0.00,1414.44,4463.17,1.04,0.00,11.61,8.55,12.93,0.00,10.96,554.88,-13.52
2025-06-24 01:30,-102.68,-590.23,2449.20,9649.24,48.77,0.03,40.83,42.35,42.87,0.00,36.70,14.18,536.36,8675.53,0.66,0.00,1444.47,4312.29,1.03,0.03,11.76,8.51,12.91,0.00,11.23,556.73,-13.66
2025-06-24 02:00,-299.43,-589.98,2491.27,9712.06,39.36,-0.10,40.67,42.35,42.86,0.00,33.64,13.18,500.69,8493.47,0.66,0.00,1471.73,4339.59,0.95,0.00,11.71,8.51,12.91,0.00,10.36,570.72,-18.67
2025-06-24 02:30,-478.14,-589.67,2476.09,9588.86,39.62,-0.07,40.83,42.68,42.91,0.00,25.36,6.16,474.45,8476.76,0.66,0.00,1463.12,4288.04,0.96,0.00,11.76,8.57,12.93,0.00,7.99,575.12,-18.15
2025-06-24 03:00,-534.86,-589.20,2449.26,9384.49,42.79,-0.02,40.17,42.23,42.80,0.00,29.84,12.53,475.36,8468.47,0.73,0.00,1447.86,4193.21,1.00,0.00,11.56,8.48,12.89,0.00,9.24,572.30,-19.99
2025-06-24 03:30,-574.21,-588.97,2452.01,9347.17,39.62,-0.03,40.67,42.35,41.47,0.00,27.08,11.54,479.89,8474.46,0.76,0.00,1449.45,4175.70,0.96,0.00,11.71,8.51,12.49,0.00,8.45,572.63,-19.90
2025-06-24 04:00,-568.01,-588.45,2462.96,9332.98,40.65,-0.05,41.00,42.46,39.87,0.00,32.26,10.46,510.36,8485.97,0.76,0.00,1455.68,4168.83,0.97,0.00,11.80,8.53,12.01,0.00,9.92,571.25,-19.87
2025-06-24 04:30,-297.48,-588.32,2474.66,9305.02,43.59,-0.03,40.50,42.23,39.35,0.00,29.69,9.65,541.16,8387.18,0.76,0.00,1462.16,4154.35,1.00,0.00,11.66,8.48,11.86,0.00,9.20,565.08,-19.99
2025-06-24 05:00,-193.32,-555.57,2445.23,9400.33,44.29,-0.12,40.33,42.35,39.44,0.00,27.14,11.81,564.77,8522.75,0.76,0.00,1445.55,4197.15,1.01,0.00,11.61,8.51,11.88,0.00,8.47,557.54,-19.99
2025-06-24 05:30,-224.98,-359.60,2455.72,9718.05,45.09,-0.05,40.50,42.35,39.52,0.00,31.45,15.32,588.36,8825.60,0.76,0.00,1451.31,4340.04,1.02,0.00,11.66,8.51,11.91,0.00,9.75,549.93,-18.09
2025-06-24 06:00,-84.19,-192.87,2510.64,10223.01,42.49,-0.10,41.50,42.01,40.08,0.00,38.30,54.28,623.91,8996.17,0.76,0.00,1483.01,4576.61,1.00,0.00,11.95,8.44,12.09,0.00,11.68,546.63,-13.52
2025-06-24 06:30,-105.30,-160.75,2926.09,11157.91,41.50,-0.08,41.50,42.12,41.25,0.00,31.64,111.77,743.24,9236.70,0.76,1.78,1730.14,5014.65,0.98,0.00,11.95,8.46,12.45,0.00,9.81,563.12,8.95
2025-06-24 07:00,-95.31,0.00,3505.47,11604.50,40.97,-0.08,41.17,42.35,41.87,0.00,35.08,249.17,1037.90,9258.59,13.72,38.07,2072.39,5224.42,1.02,0.00,11.85,8.51,12.64,0.00,10.84,568.82,8.96
2025-06-24 07:30,-73.92,0.00,3967.08,11655.27,40.88,-0.10,40.83,42.35,41.18,0.00,36.26,370.73,1262.82,9378.90,210.51,278.51,2345.50,5250.56,0.97,0.00,11.76,8.51,12.43,0.00,11.14,560.77,20.38
2025-06-24 08:00,-15.64,0.00,4260.47,11485.84,40.26,-0.12,40.17,42.46,41.34,0.00,29.66,226.09,1139.65,9256.23,659.22,887.24,2516.24,5172.43,0.96,0.00,11.56,8.53,12.48,0.00,9.29,550.42,63.96
2025-06-24 08:30,-76.45,0.00,4083.01,10857.01,32.85,-0.03,40.00,42.35,41.76,0.00,37.75,43.65,842.46,9271.62,1371.22,1751.18,2414.14,4875.87,0.82,0.00,11.52,8.51,12.60,0.00,11.53,517.67,19.19
2025-06-24 09:00,-64.34,-212.64,3523.43,9868.14,30.71,0.00,42.17,42.35,41.06,0.00,34.32,82.40,756.84,9320.39,2067.65,2678.56,2091.42,4421.00,0.76,0.00,12.14,8.51,12.37,0.00,10.53,464.83,0.01
2025-06-24 09:30,-84.67,-655.13,3518.07,9658.62,22.15,-0.17,42.33,42.35,40.31,0.00,36.60,49.55,712.14,9145.43,2473.24,3435.32,2088.19,4325.41,0.66,0.00,12.19,8.51,12.14,0.00,11.17,454.23,8.95
2025-06-24 10:00,-152.57,-964.43,3263.97,9266.53,10.89,-0.12,41.50,42.79,40.49,0.00,32.42,86.62,642.24,9026.90,2916.47,4159.18,1944.18,4155.96,0.55,0.00,11.95,8.60,12.20,0.00,10.00,432.44,0.01
2025-06-24 10:30,-144.16,-961.72,3297.97,9085.99,8.14,-0.15,43.17,42.79,40.76,0.00,34.87,58.43,524.19,8827.94,3132.97,4742.74,1961.78,4080.21,0.51,0.00,12.43,8.60,12.28,0.00,10.70,423.65,8.95
2025-06-24 11:00,-484.88,-760.15,3179.49,8736.07,9.05,-0.10,40.17,43.13,41.45,0.00,37.64,7.64,530.95,8788.50,3320.13,5350.13,1891.44,3928.94,0.51,0.00,11.56,8.66,12.49,0.00,11.50,406.75,8.95
2025-06-24 11:30,-562.36,-732.79,3081.09,8011.58,9.09,-0.10,42.17,43.02,41.28,0.00,37.71,56.87,550.68,8606.03,3468.07,6141.51,1834.01,3606.08,0.53,0.00,12.14,8.64,12.44,0.00,11.60,381.01,0.00
2025-06-24 12:00,-419.52,-910.66,3354.22,7658.88,6.69,-0.08,40.67,43.02,40.56,0.00,41.08,62.02,514.57,8521.00,3724.12,6364.08,1991.84,3438.01,0.48,0.00,11.71,8.64,12.22,0.00,12.59,377.09,41.40
2025-06-24 12:30,-412.09,-1153.20,3442.24,7265.66,7.36,-0.15,40.83,43.13,38.14,0.00,35.81,27.82,563.77,8603.43,3644.06,6359.93,2043.28,3257.75,0.49,0.00,11.76,8.66,11.49,0.00,11.00,374.96,28.87
2025-06-24 13:00,-289.31,-1152.68,3493.38,7117.20,3.30,-0.10,41.17,43.35,39.06,0.00,27.75,39.71,555.82,8619.77,3366.37,6456.13,2072.43,3190.40,0.41,0.00,11.85,8.71,11.82,0.00,8.62,374.05,29.73
2025-06-24 13:30,-507.01,-1150.99,3135.12,6934.75,0.47,0.06,41.33,43.46,54.06,0.00,26.72,11.45,497.14,8602.59,3674.17,6730.52,1865.90,3109.54,0.36,0.03,11.90,8.73,17.71,0.00,8.31,357.55,8.95
2025-06-24 14:00,-307.42,-1149.92,3044.52,7046.12,-1.79,-0.05,42.50,47.08,74.90,0.00,25.22,62.72,519.55,8527.91,3734.68,6348.08,1812.29,3157.47,0.35,0.00,12.24,9.52,25.48,0.00,7.98,358.77,20.01
2025-06-24 14:30,-54.45,-1146.85,3426.79,7498.49,-0.93,-0.10,42.67,77.92,62.10,0.00,33.46,58.35,525.49,8544.36,3093.14,5547.97,2033.10,3355.32,0.35,0.00,12.28,16.60,20.75,0.00,10.38,393.29,19.19
2025-06-24 15:00,-111.39,-986.22,3620.84,8239.57,9.69,-0.02,41.67,232.00,39.22,0.00,34.61,62.47,652.64,8474.08,2820.07,4489.53,2146.25,3683.42,0.41,0.00,12.00,48.74,12.32,0.00,10.54,428.24,23.64
2025-06-24 15:30,-273.42,-712.05,3814.89,8960.59,18.45,-0.13,42.17,411.17,37.03,0.00,34.62,41.15,775.27,8613.03,2629.62,3232.39,2263.56,4011.88,0.51,0.00,12.14,85.66,11.50,0.00,10.55,463.05,20.04
2025-06-24 16:00,-226.96,-435.99,4057.10,9935.29,19.50,-0.12,43.17,490.49,39.69,0.00,26.10,58.95,839.52,8809.92,2053.21,2228.77,2406.49,4450.07,0.51,0.00,12.43,102.37,12.29,0.00,8.14,500.55,36.80
2025-06-24 16:30,-96.70,-98.70,4203.21,11505.60,14.10,-0.03,42.50,577.97,41.26,0.00,36.88,145.82,891.12,8788.28,1169.80,1237.47,2491.66,5151.99,0.49,0.00,12.24,121.92,12.76,0.00,11.22,548.32,71.88
2025-06-24 17:00,-10.11,0.00,4251.48,12510.35,11.50,-0.08,40.50,657.45,40.45,0.00,31.67,504.61,1664.76,8745.54,326.35,434.58,2517.18,5609.76,0.49,0.00,11.66,138.59,12.70,0.00,9.74,568.33,112.75
2025-06-24 17:30,-28.14,0.00,4250.12,12980.09,11.20,-0.12,41.00,706.26,253.08,14.55,37.83,927.98,2295.60,8706.52,43.34,97.42,2516.51,5824.81,0.47,0.00,11.80,149.08,74.39,4.29,11.51,566.50,187.89
2025-06-24 18:00,-91.03,0.00,4241.36,13046.76,9.12,-0.08,40.33,756.22,647.05,79.47,32.60,1246.99,2523.45,8591.89,1.53,12.86,2511.91,5854.23,0.46,0.00,11.61,159.37,189.92,23.43,10.12,562.71,163.12
2025-06-24 18:30,-102.99,0.00,4275.71,13008.59,5.93,-0.07,40.50,739.62,781.71,83.80,35.12,1035.98,2522.26,8621.10,0.79,0.71,2533.91,5837.01,0.48,0.00,11.66,156.02,230.11,24.71,10.83,567.16,183.22
2025-06-24 19:00,-93.01,0.00,4285.86,13017.19,7.56,-0.10,41.00,752.92,783.21,85.38,39.15,723.09,2647.32,8375.49,0.71,0.00,2539.94,5840.62,0.53,0.00,11.80,158.68,230.53,25.17,11.99,575.19,277.27
2025-06-24 19:30,-11.30,0.00,4158.86,13017.19,8.92,-0.02,41.67,728.26,802.91,67.59,39.70,460.66,2344.34,8357.18,0.67,0.00,2466.86,5840.55,0.55,0.00,12.00,153.78,238.51,19.93,12.19,582.63,31.81
2025-06-24 20:00,-82.19,0.00,4027.71,12975.56,7.06,0.92,41.00,703.27,802.94,0.00,41.67,211.29,2080.41,8633.74,0.67,0.00,2390.99,5821.32,0.55,0.32,11.80,148.75,237.57,0.00,12.75,585.79,121.44
2025-06-24 20:30,-99.80,0.00,4192.52,12601.82,12.09,1.50,40.50,703.45,643.33,0.00,39.25,93.71,1737.56,8881.69,0.67,0.00,2485.70,5643.78,0.59,0.55,11.66,148.80,191.25,0.00,11.97,588.89,242.44
2025-06-24 21:00,-34.26,0.00,4298.69,12133.63,20.82,-0.07,40.17,703.48,278.11,0.00,38.69,135.85,1311.62,9164.25,0.67,0.00,2547.81,5429.08,0.69,0.00,11.56,148.77,88.83,0.00,11.78,586.55,105.59
2025-06-24 21:30,-95.31,0.00,4192.33,11962.66,24.37,0.00,40.17,575.76,47.00,2.26,38.80,92.07,1016.42,9186.13,0.67,0.00,2487.22,5351.71,0.72,0.00,11.56,122.07,14.91,0.67,11.81,590.82,20.01
2025-06-24 22:00,-51.66,0.00,3919.25,11528.48,25.46,0.00,40.50,335.63,39.57,0.00,26.35,58.06,920.28,9216.59,0.59,0.00,2329.43,5155.99,0.73,0.00,11.66,71.87,12.29,0.00,8.31,582.54,8.95
2025-06-24 22:30,-34.82,0.00,3499.88,11516.54,38.55,0.00,40.00,131.22,39.99,0.00,34.17,119.84,725.92,9081.60,0.55,0.00,2078.75,5161.99,0.81,0.00,11.52,27.82,12.41,0.00,10.53,579.82,0.00
2025-06-24 23:00,-33.70,0.00,3211.42,11219.93,41.07,0.00,39.83,43.13,41.28,0.00,35.95,120.14,644.16,8979.13,0.48,0.00,1908.70,5030.86,0.83,0.00,11.47,8.66,12.80,0.00,11.01,573.83,8.95
2025-06-24 23:30,-30.63,-76.62,3249.78,10859.28,42.83,0.00,40.00,43.35,41.92,0.00,34.49,113.34,552.64,8873.21,0.44,0.00,1930.97,4868.26,0.84,0.00,11.52,8.71,12.99,0.00,10.63,576.47,0.00
2025-06-25 00:00,-83.30,-193.13,3029.69,10533.97,44.20,-0.07,40.00,43.24,41.96,0.00,24.33,63.92,501.52,9161.19,0.44,0.00,1803.26,4714.11,0.84,0.00,11.52,8.69,13.01,0.00,7.76,565.25,7.89
2025-06-25 00:30,-139.19,-207.33,3052.54,10208.88,44.47,-0.05,40.83,42.79,41.46,0.00,35.43,67.32,461.60,8963.61,0.44,0.00,1816.68,4554.28,0.84,0.00,11.76,8.60,12.85,0.00,10.93,567.46,0.01
2025-06-25 01:00,-179.11,-389.80,3114.23,10027.54,47.49,0.00,41.00,43.13,41.99,0.00,33.36,61.18,426.38,8906.39,0.44,0.00,1851.64,4471.13,0.87,0.00,11.80,8.66,13.01,0.00,10.36,574.31,8.95
2025-06-25 01:30,-247.94,-408.85,3077.93,9696.35,44.67,-0.10,40.17,43.02,42.07,0.00,35.43,15.38,400.71,8903.51,0.44,0.00,1830.94,4323.01,0.84,0.00,11.56,8.64,13.04,0.00,10.93,572.84,7.89
2025-06-25 02:00,-307.26,-583.92,3105.14,9562.99,43.19,-0.02,41.00,43.35,43.02,0.00,40.45,4.21,429.99,8783.85,0.44,0.00,1846.49,4262.39,0.83,0.00,11.80,8.71,13.32,0.00,12.35,580.57,8.95
2025-06-25 02:30,-483.71,-585.40,3100.78,9332.62,42.08,0.00,40.83,43.35,43.09,0.00,33.71,9.35,406.71,8837.71,0.21,0.00,1844.08,4160.08,0.79,0.00,11.76,8.71,13.35,0.00,10.48,581.06,8.95
2025-06-25 03:00,-549.44,-583.35,3013.96,9221.04,39.90,-0.13,41.17,43.02,43.23,0.00,34.46,37.24,412.09,8848.32,0.23,0.00,1794.48,4110.32,0.76,0.00,11.85,8.64,13.37,0.00,10.71,577.63,0.53
2025-06-25 03:30,-469.93,-583.80,3032.06,9152.60,40.20,-0.08,40.33,43.35,43.22,0.00,33.63,24.35,436.01,8730.64,0.27,0.00,1807.17,4122.49,0.76,0.00,11.68,8.70,13.33,0.00,10.48,582.24,0.00
2025-06-25 04:00,-480.42,-580.93,3023.07,9045.84,39.87,-0.10,41.17,43.35,42.53,0.00,36.48,16.70,415.87,8854.72,0.27,0.00,1793.06,4038.13,0.75,0.00,11.76,8.72,13.28,0.00,11.23,573.40,0.00
2025-06-25 04:30,-366.61,-583.70,3007.68,9175.80,37.10,-0.05,40.83,43.24,40.59,0.00,25.68,17.05,396.63,8905.70,0.27,0.00,1780.96,4091.66,0.74,0.00,11.64,8.72,12.96,0.00,8.05,570.36,8.79
2025-06-25 05:00,-226.70,-548.80,3013.69,9290.39,40.23,-0.02,41.67,43.35,39.76,0.00,38.57,28.35,460.51,8826.05,0.27,0.00,1782.95,4117.30,0.76,0.00,11.76,8.73,12.82,0.00,11.66,565.01,-11.11
2025-06-25 05:30,-94.41,-355.95,3344.89,9529.35,39.28,-0.10,40.83,43.02,40.39,0.00,28.40,38.71,478.52,8714.89,0.27,0.00,1930.96,4213.43,0.75,0.00,11.64,8.66,12.69,0.00,8.96,566.37,8.95
2025-06-25 06:00,-88.04,-127.43,3871.17,10141.68,38.22,-0.17,40.83,43.35,40.04,0.00,35.69,27.16,487.56,8423.91,0.27,0.00,2140.03,4393.54,0.74,0.00,11.64,8.66,12.42,0.00,11.24,573.66,17.76
2025-06-25 06:30,-37.80,0.00,4279.19,11194.95,36.45,-0.03,40.83,43.24,39.91,0.00,40.96,151.75,584.54,8326.95,0.27,1.90,2258.85,4633.77,0.74,0.00,11.64,8.65,12.40,0.00,12.39,561.75,19.19
2025-06-25 07:00,-12.30,0.00,4404.65,12115.53,38.39,0.00,40.33,43.46,40.34,0.00,42.93,404.97,1061.08,8102.83,15.48,42.64,2295.32,4842.83,0.75,0.00,11.56,8.68,12.46,0.00,13.03,545.52,20.01
2025-06-25 07:30,-22.03,0.00,4436.88,12231.51,40.48,-0.15,40.67,43.13,40.43,0.00,43.41,752.12,1335.78,8228.58,418.36,318.84,2304.40,4871.05,0.75,0.00,11.61,8.64,12.48,0.00,13.10,517.56,112.92
2025-06-25 08:00,-4.74,0.00,4455.82,11640.96,28.79,-0.12,40.67,43.35,40.82,0.00,43.03,554.05,976.70,8569.48,1557.56,995.87,2310.27,4732.40,0.71,0.00,11.61,8.66,12.54,0.00,13.04,489.89,107.34
2025-06-25 08:30,-22.73,0.00,4444.57,9965.90,20.32,-0.02,40.67,43.35,38.73,0.00,40.40,268.92,821.03,8766.88,2724.54,2044.79,2419.43,4350.83,0.64,0.00,11.76,8.69,12.07,0.00,12.35,466.88,93.01
2025-06-25 09:00,-219.63,-446.64,4392.40,8736.99,27.82,-0.02,40.50,43.24,36.98,0.00,30.53,20.24,734.27,8693.64,3610.57,3406.01,2628.80,4068.64,0.59,0.00,12.02,8.72,11.49,0.00,9.94,463.13,20.11
2025-06-25 09:30,-235.32,-967.27,4349.90,8003.42,28.78,0.00,41.33,43.35,41.38,0.00,35.72,16.70,714.40,8445.61,4045.91,4809.26,2613.32,3900.62,0.60,0.00,12.14,8.73,12.12,0.00,11.42,446.60,33.39
2025-06-25 10:00,-346.72,-1150.34,4090.08,7794.83,29.31,-0.07,43.00,43.46,38.50,0.00,40.97,38.07,663.95,8319.50,4021.71,5854.38,2535.74,3852.09,0.61,0.00,12.38,8.74,11.72,0.00,12.89,436.50,-13.66
2025-06-25 10:30,-554.63,-1150.00,3874.13,7665.06,29.98,-0.13,41.67,43.46,37.96,0.00,40.94,14.35,616.73,8196.55,3923.61,6784.29,2474.28,3823.09,0.61,0.00,12.19,8.74,11.64,0.00,12.89,429.13,20.01
2025-06-25 11:00,-545.01,-1147.94,3769.67,7394.15,34.36,0.00,42.50,43.46,36.80,0.00,35.81,59.02,642.16,7692.16,4043.88,7615.67,2445.90,3762.79,0.63,0.00,12.31,8.74,11.46,0.00,11.43,420.86,35.95
2025-06-25 11:30,-740.31,-1149.62,3700.68,6964.10,37.70,0.00,40.67,43.58,36.35,0.00,37.76,3.33,609.81,7916.62,3953.09,8226.20,2374.95,3569.28,0.65,0.00,11.97,8.75,11.35,0.00,11.95,403.57,35.95
2025-06-25 12:00,-925.53,-1148.08,3111.71,6796.09,38.74,-0.02,41.33,43.80,36.81,0.00,26.87,37.24,605.99,8154.48,3857.22,8800.27,1929.35,3041.37,0.74,0.00,11.71,8.78,11.38,0.00,8.52,340.05,13.31
2025-06-25 12:30,-770.18,-1147.82,3325.81,6696.24,39.04,0.00,41.17,43.69,37.47,0.00,27.53,28.07,656.43,7797.93,3767.34,8658.23,1990.69,3019.81,0.76,0.00,11.68,8.77,11.48,0.00,8.88,346.02,20.11
2025-06-25 13:00,-514.06,-1146.14,3614.49,6797.79,47.34,-0.07,40.33,43.46,38.57,0.00,26.30,18.82,669.81,7649.90,3364.80,8388.64,2074.21,3042.66,0.82,0.00,11.56,8.74,11.65,0.00,8.42,355.24,55.65
2025-06-25 13:30,-419.52,-1145.55,3451.71,6882.98,43.08,-0.08,41.50,43.69,39.51,0.00,31.29,54.13,587.82,7853.21,3201.12,8137.05,2026.99,3061.60,0.79,0.00,11.73,8.77,11.79,0.00,9.70,356.32,20.11
2025-06-25 14:00,-393.38,-1142.79,3497.70,7348.26,50.66,0.00,44.00,47.05,39.63,0.00,34.97,57.54,653.24,7689.85,3341.68,7384.08,2040.15,3165.40,0.82,0.00,12.09,9.13,11.81,0.00,10.51,366.45,34.37
2025-06-25 14:30,-371.62,-1142.09,3429.18,7649.24,52.83,-0.02,59.17,83.63,39.37,0.00,39.93,17.34,613.54,7944.78,3437.52,6514.90,2020.36,3231.63,0.82,0.00,14.28,13.38,11.77,0.00,11.53,373.93,33.85
2025-06-25 15:00,-216.36,-1138.23,3463.06,8027.62,45.98,-0.03,61.50,256.28,40.54,0.00,29.19,76.30,681.11,7958.15,3675.48,5441.32,2061.12,3550.79,0.92,0.00,17.63,46.81,12.46,0.00,9.08,401.30,66.55
2025-06-25 15:30,-282.76,-932.94,3560.19,8907.45,35.28,-0.07,61.50,445.10,41.01,0.00,34.09,37.30,754.45,8266.25,3428.69,4184.55,2088.79,3750.30,0.87,0.00,17.63,66.21,12.52,0.00,10.31,416.72,106.99
2025-06-25 16:00,-466.79,-431.97,3839.01,9831.67,38.31,-0.10,63.33,516.86,59.55,0.00,42.61,73.83,868.82,8719.97,2893.37,2840.10,2168.38,3960.97,0.88,0.00,17.90,73.74,15.93,0.00,12.56,432.72,90.00
2025-06-25 16:30,-198.02,-157.53,3929.06,11221.40,43.93,-0.02,61.83,667.30,208.04,0.00,41.41,136.97,1329.09,9117.41,1657.86,1473.01,2194.43,4271.30,0.94,0.00,17.68,89.73,42.01,0.00,12.37,448.90,189.60
2025-06-25 17:00,-100.59,0.00,3920.02,12427.81,53.55,-0.02,61.67,920.39,870.36,27.77,35.45,318.55,1754.35,9049.58,526.67,479.93,2191.87,4543.90,1.02,0.00,17.66,114.88,142.38,4.09,10.51,463.09,162.48
2025-06-25 17:30,-47.88,0.00,3923.04,12737.34,54.38,-0.07,63.08,1139.85,1540.83,76.88,44.43,694.51,2350.21,8901.51,52.91,98.52,2192.77,4616.81,1.04,0.00,17.86,136.56,240.43,11.33,12.85,457.15,182.31
2025-06-25 18:00,-5.65,0.00,3912.41,12712.40,60.34,-0.02,75.33,1501.50,1665.97,99.11,44.72,1016.25,2799.67,8576.59,2.20,10.60,2305.92,5529.73,1.21,0.00,20.94,276.16,461.50,25.65,13.34,531.82,229.45
2025-06-25 18:30,-3.72,0.00,3922.41,12708.10,64.03,-0.10,111.60,1574.16,1770.61,164.38,44.95,832.94,2924.20,8449.89,0.87,0.36,1943.44,4760.96,1.06,0.00,22.02,253.66,433.11,31.23,11.25,549.56,214.65